USDCNH.,1471931982,6.655900,6.655380,6.661280,6.647570,0
USDCNH.,1471931982,6.655900,6.655380,6.661280,6.647570,0
USDCNH.,1471931982,6.655900,6.655380,6.661280,6.647570,0
USDCNH.,1471931982,6.655900,6.655380,6.661280,6.647570,0
USDCNH.,1471931982,6.655900,6.655380,6.661280,6.647570,0
USDCNH.,1471931985,6.655900,6.655380,6.661280,6.647570,0
USDCNH.,1471931985,6.655900,6.655380,6.661280,6.647570,0
USDCNH.,1471931985,6.655900,6.655380,6.661280,6.647570,0
USDCNH.,1471931985,6.655900,6.655380,6.661280,6.647570,0
USDCNH.,1471931985,6.655900,6.655380,6.661280,6.647570,0
USDCNH.,1471932074,6.656020,6.655500,6.661280,6.647570,0
USDCNH.,1471932074,6.656020,6.655500,6.661280,6.647570,0
USDCNH.,1471932074,6.656020,6.655500,6.661280,6.647570,0
USDCNH.,1471932074,6.656020,6.655500,6.661280,6.647570,0
USDCNH.,1471932074,6.656020,6.655500,6.661280,6.647570,0
USDCNH.,1471932108,6.656030,6.655500,6.661280,6.647570,0
USDCNH.,1471932108,6.656030,6.655500,6.661280,6.647570,0
USDCNH.,1471932108,6.656030,6.655500,6.661280,6.647570,0
USDCNH.,1471932108,6.656030,6.655500,6.661280,6.647570,0
USDCNH.,1471932108,6.656030,6.655500,6.661280,6.647570,0
USDCNH.,1471932166,6.656020,6.655500,6.661280,6.647570,0
USDCNH.,1471932166,6.656020,6.655500,6.661280,6.647570,0
USDCNH.,1471932166,6.656020,6.655500,6.661280,6.647570,0
USDCNH.,1471932166,6.656020,6.655500,6.661280,6.647570,0
USDCNH.,1471932166,6.656020,6.655500,6.661280,6.647570,0
USDCNH.,1471932172,6.656020,6.655500,6.661280,6.647570,0
USDCNH.,1471932172,6.656020,6.655500,6.661280,6.647570,0
USDCNH.,1471932172,6.656020,6.655500,6.661280,6.647570,0
USDCNH.,1471932172,6.656020,6.655500,6.661280,6.647570,0
USDCNH.,1471932172,6.656020,6.655500,6.661280,6.647570,0
USDCNH.,1471932175,6.656020,6.655500,6.661280,6.647570,0
USDCNH.,1471932175,6.656020,6.655500,6.661280,6.647570,0
USDCNH.,1471932175,6.656020,6.655500,6.661280,6.647570,0
USDCNH.,1471932175,6.656020,6.655500,6.661280,6.647570,0
USDCNH.,1471932176,6.656020,6.655500,6.661280,6.647570,0
USDCNH.,1471932230,6.655970,6.655500,6.661280,6.647570,0
USDCNH.,1471932230,6.655970,6.655500,6.661280,6.647570,0
USDCNH.,1471932230,6.655970,6.655500,6.661280,6.647570,0
USDCNH.,1471932230,6.655970,6.655500,6.661280,6.647570,0
USDCNH.,1471932230,6.655970,6.655500,6.661280,6.647570,0
USDCNH.,1471932257,6.655970,6.655400,6.661280,6.647570,0
USDCNH.,1471932257,6.655970,6.655400,6.661280,6.647570,0
USDCNH.,1471932257,6.655970,6.655400,6.661280,6.647570,0
USDCNH.,1471932257,6.655970,6.655400,6.661280,6.647570,0
USDCNH.,1471932257,6.655970,6.655400,6.661280,6.647570,0
USDCNH.,1471932265,6.655950,6.655400,6.661280,6.647570,0
USDCNH.,1471932265,6.655950,6.655400,6.661280,6.647570,0
USDCNH.,1471932265,6.655950,6.655400,6.661280,6.647570,0
USDCNH.,1471932265,6.655950,6.655400,6.661280,6.647570,0
USDCNH.,1471932265,6.655950,6.655400,6.661280,6.647570,0
USDCNH.,1471932282,6.655990,6.655400,6.661280,6.647570,0
USDCNH.,1471932282,6.655990,6.655400,6.661280,6.647570,0
USDCNH.,1471932282,6.655990,6.655400,6.661280,6.647570,0
USDCNH.,1471932282,6.655990,6.655400,6.661280,6.647570,0
USDCNH.,1471932282,6.655990,6.655400,6.661280,6.647570,0
USDCNH.,1471932305,6.656000,6.655400,6.661280,6.647570,0
USDCNH.,1471932305,6.656000,6.655400,6.661280,6.647570,0
USDCNH.,1471932305,6.656000,6.655400,6.661280,6.647570,0
USDCNH.,1471932305,6.656000,6.655400,6.661280,6.647570,0
USDCNH.,1471932305,6.656000,6.655400,6.661280,6.647570,0
USDCNH.,1471932336,6.656000,6.655500,6.661280,6.647570,0
USDCNH.,1471932336,6.656000,6.655500,6.661280,6.647570,0
USDCNH.,1471932336,6.656000,6.655500,6.661280,6.647570,0
USDCNH.,1471932336,6.656000,6.655500,6.661280,6.647570,0
USDCNH.,1471932336,6.656000,6.655500,6.661280,6.647570,0
USDCNH.,1471932336,6.656090,6.655500,6.661280,6.647570,0
USDCNH.,1471932336,6.656090,6.655500,6.661280,6.647570,0
USDCNH.,1471932336,6.656090,6.655500,6.661280,6.647570,0
USDCNH.,1471932336,6.656090,6.655500,6.661280,6.647570,0
USDCNH.,1471932336,6.656090,6.655500,6.661280,6.647570,0
USDCNH.,1471932381,6.656000,6.655400,6.661280,6.647570,0
USDCNH.,1471932381,6.656000,6.655400,6.661280,6.647570,0
USDCNH.,1471932381,6.656000,6.655400,6.661280,6.647570,0
USDCNH.,1471932381,6.656000,6.655400,6.661280,6.647570,0
USDCNH.,1471932381,6.656000,6.655400,6.661280,6.647570,0
USDCNH.,1471932381,6.656000,6.655460,6.661280,6.647570,0
USDCNH.,1471932381,6.656000,6.655460,6.661280,6.647570,0
USDCNH.,1471932381,6.656000,6.655460,6.661280,6.647570,0
USDCNH.,1471932381,6.656000,6.655460,6.661280,6.647570,0
USDCNH.,1471932381,6.656000,6.655460,6.661280,6.647570,0
USDCNH.,1471932381,6.655900,6.655380,6.661280,6.647570,0
USDCNH.,1471932381,6.655900,6.655380,6.661280,6.647570,0
USDCNH.,1471932381,6.655900,6.655380,6.661280,6.647570,0
USDCNH.,1471932381,6.655900,6.655380,6.661280,6.647570,0
USDCNH.,1471932381,6.655900,6.655380,6.661280,6.647570,0
USDCNH.,1471932381,6.655900,6.655330,6.661280,6.647570,0
USDCNH.,1471932381,6.655900,6.655330,6.661280,6.647570,0
USDCNH.,1471932381,6.655900,6.655330,6.661280,6.647570,0
USDCNH.,1471932381,6.655900,6.655330,6.661280,6.647570,0
USDCNH.,1471932381,6.655900,6.655330,6.661280,6.647570,0
USDCNH.,1471932381,6.655900,6.655370,6.661280,6.647570,0
USDCNH.,1471932381,6.655900,6.655370,6.661280,6.647570,0
USDCNH.,1471932381,6.655900,6.655370,6.661280,6.647570,0
USDCNH.,1471932381,6.655900,6.655370,6.661280,6.647570,0
USDCNH.,1471932381,6.655900,6.655370,6.661280,6.647570,0
USDCNH.,1471932382,6.655900,6.655330,6.661280,6.647570,0
USDCNH.,1471932382,6.655900,6.655330,6.661280,6.647570,0
USDCNH.,1471932382,6.655900,6.655330,6.661280,6.647570,0
USDCNH.,1471932382,6.655900,6.655330,6.661280,6.647570,0
USDCNH.,1471932382,6.655900,6.655330,6.661280,6.647570,0
USDCNH.,1471932382,6.655920,6.655400,6.661280,6.647570,0
USDCNH.,1471932382,6.655920,6.655400,6.661280,6.647570,0
USDCNH.,1471932382,6.655920,6.655400,6.661280,6.647570,0
USDCNH.,1471932382,6.655920,6.655400,6.661280,6.647570,0
USDCNH.,1471932382,6.655920,6.655400,6.661280,6.647570,0
USDCNH.,1471932486,6.655890,6.655400,6.661280,6.647570,0
USDCNH.,1471932486,6.655890,6.655400,6.661280,6.647570,0
USDCNH.,1471932486,6.655890,6.655400,6.661280,6.647570,0
USDCNH.,1471932486,6.655890,6.655400,6.661280,6.647570,0
USDCNH.,1471932486,6.655890,6.655400,6.661280,6.647570,0
USDCNH.,1471932486,6.655920,6.655400,6.661280,6.647570,0
USDCNH.,1471932486,6.655920,6.655400,6.661280,6.647570,0
USDCNH.,1471932486,6.655920,6.655400,6.661280,6.647570,0
USDCNH.,1471932486,6.655920,6.655400,6.661280,6.647570,0
USDCNH.,1471932486,6.655920,6.655400,6.661280,6.647570,0
USDCNH.,1471932488,6.655700,6.655200,6.661280,6.647570,0
USDCNH.,1471932488,6.655700,6.655200,6.661280,6.647570,0
USDCNH.,1471932488,6.655700,6.655200,6.661280,6.647570,0
USDCNH.,1471932488,6.655700,6.655200,6.661280,6.647570,0
USDCNH.,1471932488,6.655700,6.655200,6.661280,6.647570,0
USDCNH.,1471932490,6.655800,6.655280,6.661280,6.647570,0
USDCNH.,1471932490,6.655800,6.655280,6.661280,6.647570,0
USDCNH.,1471932490,6.655800,6.655280,6.661280,6.647570,0
USDCNH.,1471932490,6.655800,6.655280,6.661280,6.647570,0
USDCNH.,1471932490,6.655800,6.655280,6.661280,6.647570,0
USDCNH.,1471932491,6.655870,6.655300,6.661280,6.647570,0
USDCNH.,1471932491,6.655870,6.655300,6.661280,6.647570,0
USDCNH.,1471932491,6.655870,6.655300,6.661280,6.647570,0
USDCNH.,1471932491,6.655870,6.655300,6.661280,6.647570,0
USDCNH.,1471932491,6.655870,6.655300,6.661280,6.647570,0
USDCNH.,1471932559,6.655020,6.654500,6.661280,6.647570,0
USDCNH.,1471932559,6.655020,6.654500,6.661280,6.647570,0
USDCNH.,1471932559,6.655020,6.654500,6.661280,6.647570,0
USDCNH.,1471932559,6.655020,6.654500,6.661280,6.647570,0
USDCNH.,1471932559,6.655020,6.654500,6.661280,6.647570,0
USDCNH.,1471932570,6.655010,6.654500,6.661280,6.647570,0
USDCNH.,1471932570,6.655010,6.654500,6.661280,6.647570,0
USDCNH.,1471932570,6.655010,6.654500,6.661280,6.647570,0
USDCNH.,1471932570,6.655010,6.654500,6.661280,6.647570,0
USDCNH.,1471932570,6.655010,6.654500,6.661280,6.647570,0
USDCNH.,1471932580,6.655030,6.654500,6.661280,6.647570,0
USDCNH.,1471932580,6.655030,6.654500,6.661280,6.647570,0
USDCNH.,1471932580,6.655030,6.654500,6.661280,6.647570,0
USDCNH.,1471932580,6.655030,6.654500,6.661280,6.647570,0
USDCNH.,1471932580,6.655030,6.654500,6.661280,6.647570,0
USDCNH.,1471932580,6.655070,6.654600,6.661280,6.647570,0
USDCNH.,1471932580,6.655070,6.654600,6.661280,6.647570,0
USDCNH.,1471932580,6.655070,6.654600,6.661280,6.647570,0
USDCNH.,1471932580,6.655070,6.654600,6.661280,6.647570,0
USDCNH.,1471932580,6.655070,6.654600,6.661280,6.647570,0
USDCNH.,1471932580,6.655090,6.654600,6.661280,6.647570,0
USDCNH.,1471932580,6.655090,6.654600,6.661280,6.647570,0
USDCNH.,1471932580,6.655090,6.654600,6.661280,6.647570,0
USDCNH.,1471932580,6.655090,6.654600,6.661280,6.647570,0
USDCNH.,1471932580,6.655090,6.654600,6.661280,6.647570,0
USDCNH.,1471932630,6.655100,6.654600,6.661280,6.647570,0
USDCNH.,1471932630,6.655100,6.654600,6.661280,6.647570,0
USDCNH.,1471932630,6.655100,6.654600,6.661280,6.647570,0
USDCNH.,1471932630,6.655100,6.654600,6.661280,6.647570,0
USDCNH.,1471932630,6.655100,6.654600,6.661280,6.647570,0
USDCNH.,1471932693,6.655090,6.654600,6.661280,6.647570,0
USDCNH.,1471932693,6.655090,6.654600,6.661280,6.647570,0
USDCNH.,1471932693,6.655090,6.654600,6.661280,6.647570,0
USDCNH.,1471932693,6.655090,6.654600,6.661280,6.647570,0
USDCNH.,1471932693,6.655090,6.654600,6.661280,6.647570,0
USDCNH.,1471932729,6.655070,6.654460,6.661280,6.647570,0
USDCNH.,1471932729,6.655070,6.654460,6.661280,6.647570,0
USDCNH.,1471932729,6.655070,6.654460,6.661280,6.647570,0
USDCNH.,1471932729,6.655070,6.654460,6.661280,6.647570,0
USDCNH.,1471932729,6.655070,6.654460,6.661280,6.647570,0
USDCNH.,1471932730,6.654800,6.654350,6.661280,6.647570,0
USDCNH.,1471932730,6.654800,6.654350,6.661280,6.647570,0
USDCNH.,1471932730,6.654800,6.654350,6.661280,6.647570,0
USDCNH.,1471932730,6.654800,6.654350,6.661280,6.647570,0
USDCNH.,1471932730,6.654800,6.654350,6.661280,6.647570,0
USDCNH.,1471932730,6.655020,6.654400,6.661280,6.647570,0
USDCNH.,1471932730,6.655020,6.654400,6.661280,6.647570,0
USDCNH.,1471932730,6.655020,6.654400,6.661280,6.647570,0
USDCNH.,1471932730,6.655020,6.654400,6.661280,6.647570,0
USDCNH.,1471932730,6.655020,6.654400,6.661280,6.647570,0
USDCNH.,1471932730,6.655070,6.654600,6.661280,6.647570,0
USDCNH.,1471932730,6.655070,6.654600,6.661280,6.647570,0
USDCNH.,1471932730,6.655070,6.654600,6.661280,6.647570,0
USDCNH.,1471932730,6.655070,6.654600,6.661280,6.647570,0
USDCNH.,1471932730,6.655070,6.654600,6.661280,6.647570,0
USDCNH.,1471932731,6.655100,6.654600,6.661280,6.647570,0
USDCNH.,1471932731,6.655100,6.654600,6.661280,6.647570,0
USDCNH.,1471932731,6.655100,6.654600,6.661280,6.647570,0
USDCNH.,1471932731,6.655100,6.654600,6.661280,6.647570,0
USDCNH.,1471932731,6.655100,6.654600,6.661280,6.647570,0
USDCNH.,1471932869,6.654900,6.654520,6.661280,6.647570,0
USDCNH.,1471932869,6.654900,6.654520,6.661280,6.647570,0
USDCNH.,1471932869,6.654900,6.654520,6.661280,6.647570,0
USDCNH.,1471932869,6.654900,6.654520,6.661280,6.647570,0
USDCNH.,1471932869,6.654900,6.654520,6.661280,6.647570,0
USDCNH.,1471932903,6.654900,6.654520,6.661280,6.647570,0
USDCNH.,1471932903,6.654900,6.654520,6.661280,6.647570,0
USDCNH.,1471932903,6.654900,6.654520,6.661280,6.647570,0
USDCNH.,1471932903,6.654900,6.654520,6.661280,6.647570,0
USDCNH.,1471932903,6.654900,6.654520,6.661280,6.647570,0
USDCNH.,1471932925,6.654700,6.654330,6.661280,6.647570,0
USDCNH.,1471932925,6.654700,6.654330,6.661280,6.647570,0
USDCNH.,1471932925,6.654700,6.654330,6.661280,6.647570,0
USDCNH.,1471932925,6.654700,6.654330,6.661280,6.647570,0
USDCNH.,1471932925,6.654700,6.654330,6.661280,6.647570,0
USDCNH.,1471932926,6.654700,6.654320,6.661280,6.647570,0
USDCNH.,1471932926,6.654700,6.654320,6.661280,6.647570,0
USDCNH.,1471932926,6.654700,6.654320,6.661280,6.647570,0
USDCNH.,1471932926,6.654700,6.654320,6.661280,6.647570,0
USDCNH.,1471932926,6.654700,6.654320,6.661280,6.647570,0
USDCNH.,1471932926,6.654600,6.654320,6.661280,6.647570,0
USDCNH.,1471932926,6.654600,6.654320,6.661280,6.647570,0
USDCNH.,1471932926,6.654600,6.654320,6.661280,6.647570,0
USDCNH.,1471932926,6.654600,6.654320,6.661280,6.647570,0
USDCNH.,1471932926,6.654600,6.654320,6.661280,6.647570,0
USDCNH.,1471932926,6.654700,6.654320,6.661280,6.647570,0
USDCNH.,1471932926,6.654700,6.654320,6.661280,6.647570,0
USDCNH.,1471932926,6.654700,6.654320,6.661280,6.647570,0
USDCNH.,1471932926,6.654700,6.654320,6.661280,6.647570,0
USDCNH.,1471932926,6.654700,6.654320,6.661280,6.647570,0
USDCNH.,1471932926,6.654600,6.654320,6.661280,6.647570,0
USDCNH.,1471932926,6.654600,6.654320,6.661280,6.647570,0
USDCNH.,1471932926,6.654600,6.654320,6.661280,6.647570,0
USDCNH.,1471932926,6.654600,6.654320,6.661280,6.647570,0
USDCNH.,1471932926,6.654600,6.654320,6.661280,6.647570,0
USDCNH.,1471932926,6.654500,6.654230,6.661280,6.647570,0
USDCNH.,1471932926,6.654500,6.654230,6.661280,6.647570,0
USDCNH.,1471932926,6.654500,6.654230,6.661280,6.647570,0
USDCNH.,1471932926,6.654500,6.654230,6.661280,6.647570,0
USDCNH.,1471932926,6.654500,6.654230,6.661280,6.647570,0
USDCNH.,1471932927,6.654300,6.654050,6.661280,6.647570,0
USDCNH.,1471932927,6.654300,6.654050,6.661280,6.647570,0
USDCNH.,1471932927,6.654300,6.654050,6.661280,6.647570,0
USDCNH.,1471932927,6.654300,6.654050,6.661280,6.647570,0
USDCNH.,1471932927,6.654300,6.654050,6.661280,6.647570,0
USDCNH.,1471932928,6.654300,6.653950,6.661280,6.647570,0
USDCNH.,1471932928,6.654300,6.653950,6.661280,6.647570,0
USDCNH.,1471932928,6.654300,6.653950,6.661280,6.647570,0
USDCNH.,1471932928,6.654300,6.653950,6.661280,6.647570,0
USDCNH.,1471932928,6.654300,6.653950,6.661280,6.647570,0
USDCNH.,1471932930,6.654400,6.653950,6.661280,6.647570,0
USDCNH.,1471932930,6.654400,6.653950,6.661280,6.647570,0
USDCNH.,1471932930,6.654400,6.653950,6.661280,6.647570,0
USDCNH.,1471932930,6.654400,6.653950,6.661280,6.647570,0
USDCNH.,1471932930,6.654400,6.653950,6.661280,6.647570,0
USDCNH.,1471932931,6.654440,6.653950,6.661280,6.647570,0
USDCNH.,1471932931,6.654440,6.653950,6.661280,6.647570,0
USDCNH.,1471932931,6.654440,6.653950,6.661280,6.647570,0
USDCNH.,1471932931,6.654440,6.653950,6.661280,6.647570,0
USDCNH.,1471932931,6.654440,6.653950,6.661280,6.647570,0
USDCNH.,1471932931,6.654380,6.653950,6.661280,6.647570,0
USDCNH.,1471932931,6.654380,6.653950,6.661280,6.647570,0
USDCNH.,1471932931,6.654380,6.653950,6.661280,6.647570,0
USDCNH.,1471932931,6.654380,6.653950,6.661280,6.647570,0
USDCNH.,1471932931,6.654380,6.653950,6.661280,6.647570,0
USDCNH.,1471932936,6.654410,6.653950,6.661280,6.647570,0
USDCNH.,1471932936,6.654410,6.653950,6.661280,6.647570,0
USDCNH.,1471932936,6.654410,6.653950,6.661280,6.647570,0
USDCNH.,1471932936,6.654410,6.653950,6.661280,6.647570,0
USDCNH.,1471932936,6.654410,6.653950,6.661280,6.647570,0
USDCNH.,1471932943,6.654350,6.653950,6.661280,6.647570,0
USDCNH.,1471932943,6.654350,6.653950,6.661280,6.647570,0
USDCNH.,1471932943,6.654350,6.653950,6.661280,6.647570,0
USDCNH.,1471932943,6.654350,6.653950,6.661280,6.647570,0
USDCNH.,1471932943,6.654350,6.653950,6.661280,6.647570,0
USDCNH.,1471932943,6.654360,6.653950,6.661280,6.647570,0
USDCNH.,1471932943,6.654360,6.653950,6.661280,6.647570,0
USDCNH.,1471932943,6.654360,6.653950,6.661280,6.647570,0
USDCNH.,1471932943,6.654360,6.653950,6.661280,6.647570,0
USDCNH.,1471932943,6.654360,6.653950,6.661280,6.647570,0
USDCNH.,1471932945,6.654480,6.653990,6.661280,6.647570,0
USDCNH.,1471932945,6.654480,6.653990,6.661280,6.647570,0
USDCNH.,1471932945,6.654480,6.653990,6.661280,6.647570,0
USDCNH.,1471932945,6.654480,6.653990,6.661280,6.647570,0
USDCNH.,1471932945,6.654480,6.653990,6.661280,6.647570,0
USDCNH.,1471932945,6.654500,6.654000,6.661280,6.647570,0
USDCNH.,1471932945,6.654500,6.654000,6.661280,6.647570,0
USDCNH.,1471932945,6.654500,6.654000,6.661280,6.647570,0
USDCNH.,1471932945,6.654500,6.654000,6.661280,6.647570,0
USDCNH.,1471932945,6.654500,6.654000,6.661280,6.647570,0
USDCNH.,1471932954,6.654530,6.654000,6.661280,6.647570,0
USDCNH.,1471932954,6.654530,6.654000,6.661280,6.647570,0
USDCNH.,1471932954,6.654530,6.654000,6.661280,6.647570,0
USDCNH.,1471932954,6.654530,6.654000,6.661280,6.647570,0
USDCNH.,1471932954,6.654530,6.654000,6.661280,6.647570,0
USDCNH.,1471932956,6.654500,6.654000,6.661280,6.647570,0
USDCNH.,1471932956,6.654500,6.654000,6.661280,6.647570,0
USDCNH.,1471932956,6.654500,6.654000,6.661280,6.647570,0
USDCNH.,1471932956,6.654500,6.654000,6.661280,6.647570,0
USDCNH.,1471932956,6.654500,6.654000,6.661280,6.647570,0
USDCNH.,1471932965,6.654500,6.653990,6.661280,6.647570,0
USDCNH.,1471932965,6.654500,6.653990,6.661280,6.647570,0
USDCNH.,1471932965,6.654500,6.653990,6.661280,6.647570,0
USDCNH.,1471932965,6.654500,6.653990,6.661280,6.647570,0
USDCNH.,1471932965,6.654500,6.653990,6.661280,6.647570,0
USDCNH.,1471933019,6.654400,6.653990,6.661280,6.647570,0
USDCNH.,1471933019,6.654400,6.653990,6.661280,6.647570,0
USDCNH.,1471933019,6.654400,6.653990,6.661280,6.647570,0
USDCNH.,1471933019,6.654400,6.653990,6.661280,6.647570,0
USDCNH.,1471933019,6.654400,6.653990,6.661280,6.647570,0
USDCNH.,1471933115,6.654500,6.653900,6.661280,6.647570,0
USDCNH.,1471933115,6.654500,6.653900,6.661280,6.647570,0
USDCNH.,1471933115,6.654500,6.653900,6.661280,6.647570,0
USDCNH.,1471933115,6.654500,6.653900,6.661280,6.647570,0
USDCNH.,1471933115,6.654500,6.653900,6.661280,6.647570,0
USDCNH.,1471933116,6.654470,6.653900,6.661280,6.647570,0
USDCNH.,1471933116,6.654470,6.653900,6.661280,6.647570,0
USDCNH.,1471933116,6.654470,6.653900,6.661280,6.647570,0
USDCNH.,1471933116,6.654470,6.653900,6.661280,6.647570,0
USDCNH.,1471933116,6.654470,6.653900,6.661280,6.647570,0
USDCNH.,1471933134,6.654400,6.653870,6.661280,6.647570,0
USDCNH.,1471933134,6.654400,6.653870,6.661280,6.647570,0
USDCNH.,1471933134,6.654400,6.653870,6.661280,6.647570,0
USDCNH.,1471933134,6.654400,6.653870,6.661280,6.647570,0
USDCNH.,1471933134,6.654400,6.653870,6.661280,6.647570,0
USDCNH.,1471933134,6.654300,6.653820,6.661280,6.647570,0
USDCNH.,1471933134,6.654300,6.653820,6.661280,6.647570,0
USDCNH.,1471933134,6.654300,6.653820,6.661280,6.647570,0
USDCNH.,1471933134,6.654300,6.653820,6.661280,6.647570,0
USDCNH.,1471933134,6.654300,6.653820,6.661280,6.647570,0
USDCNH.,1471933134,6.654400,6.653870,6.661280,6.647570,0
USDCNH.,1471933134,6.654400,6.653870,6.661280,6.647570,0
USDCNH.,1471933134,6.654400,6.653870,6.661280,6.647570,0
USDCNH.,1471933134,6.654400,6.653870,6.661280,6.647570,0
USDCNH.,1471933134,6.654400,6.653870,6.661280,6.647570,0
USDCNH.,1471933134,6.654300,6.653870,6.661280,6.647570,0
USDCNH.,1471933134,6.654300,6.653870,6.661280,6.647570,0
USDCNH.,1471933134,6.654300,6.653870,6.661280,6.647570,0
USDCNH.,1471933134,6.654300,6.653870,6.661280,6.647570,0
USDCNH.,1471933134,6.654300,6.653870,6.661280,6.647570,0
USDCNH.,1471933134,6.654290,6.653820,6.661280,6.647570,0
USDCNH.,1471933134,6.654290,6.653820,6.661280,6.647570,0
USDCNH.,1471933134,6.654290,6.653820,6.661280,6.647570,0
USDCNH.,1471933134,6.654290,6.653820,6.661280,6.647570,0
USDCNH.,1471933134,6.654290,6.653820,6.661280,6.647570,0
USDCNH.,1471933134,6.654200,6.653820,6.661280,6.647570,0
USDCNH.,1471933134,6.654200,6.653820,6.661280,6.647570,0
USDCNH.,1471933134,6.654200,6.653820,6.661280,6.647570,0
USDCNH.,1471933134,6.654200,6.653820,6.661280,6.647570,0
USDCNH.,1471933134,6.654200,6.653820,6.661280,6.647570,0
USDCNH.,1471933153,6.654500,6.653960,6.661280,6.647570,0
USDCNH.,1471933153,6.654500,6.653960,6.661280,6.647570,0
USDCNH.,1471933153,6.654500,6.653960,6.661280,6.647570,0
USDCNH.,1471933153,6.654500,6.653960,6.661280,6.647570,0
USDCNH.,1471933153,6.654500,6.653960,6.661280,6.647570,0
USDCNH.,1471933186,6.654400,6.653960,6.661280,6.647570,0
USDCNH.,1471933186,6.654400,6.653960,6.661280,6.647570,0
USDCNH.,1471933186,6.654400,6.653960,6.661280,6.647570,0
USDCNH.,1471933186,6.654400,6.653960,6.661280,6.647570,0
USDCNH.,1471933186,6.654400,6.653960,6.661280,6.647570,0
USDCNH.,1471933187,6.654500,6.653960,6.661280,6.647570,0
USDCNH.,1471933187,6.654500,6.653960,6.661280,6.647570,0
USDCNH.,1471933187,6.654500,6.653960,6.661280,6.647570,0
USDCNH.,1471933187,6.654500,6.653960,6.661280,6.647570,0
USDCNH.,1471933187,6.654500,6.653960,6.661280,6.647570,0
USDCNH.,1471933298,6.654000,6.653960,6.661280,6.647570,0
USDCNH.,1471933298,6.654000,6.653960,6.661280,6.647570,0
USDCNH.,1471933298,6.654000,6.653960,6.661280,6.647570,0
USDCNH.,1471933298,6.654000,6.653960,6.661280,6.647570,0
USDCNH.,1471933298,6.654000,6.653960,6.661280,6.647570,0
USDCNH.,1471933298,6.654100,6.653670,6.661280,6.647570,0
USDCNH.,1471933298,6.654100,6.653670,6.661280,6.647570,0
USDCNH.,1471933298,6.654100,6.653670,6.661280,6.647570,0
USDCNH.,1471933298,6.654100,6.653670,6.661280,6.647570,0
USDCNH.,1471933298,6.654100,6.653670,6.661280,6.647570,0
USDCNH.,1471933299,6.654200,6.653670,6.661280,6.647570,0
USDCNH.,1471933299,6.654200,6.653670,6.661280,6.647570,0
USDCNH.,1471933299,6.654200,6.653670,6.661280,6.647570,0
USDCNH.,1471933299,6.654200,6.653670,6.661280,6.647570,0
USDCNH.,1471933299,6.654200,6.653670,6.661280,6.647570,0
USDCNH.,1471933300,6.654100,6.653650,6.661280,6.647570,0
USDCNH.,1471933300,6.654100,6.653650,6.661280,6.647570,0
USDCNH.,1471933300,6.654100,6.653650,6.661280,6.647570,0
USDCNH.,1471933300,6.654100,6.653650,6.661280,6.647570,0
USDCNH.,1471933300,6.654100,6.653650,6.661280,6.647570,0
USDCNH.,1471933302,6.654200,6.653590,6.661280,6.647570,0
USDCNH.,1471933302,6.654200,6.653590,6.661280,6.647570,0
USDCNH.,1471933302,6.654200,6.653590,6.661280,6.647570,0
USDCNH.,1471933302,6.654200,6.653590,6.661280,6.647570,0
USDCNH.,1471933302,6.654200,6.653590,6.661280,6.647570,0
USDCNH.,1471933302,6.654260,6.653590,6.661280,6.647570,0
USDCNH.,1471933302,6.654260,6.653590,6.661280,6.647570,0
USDCNH.,1471933302,6.654260,6.653590,6.661280,6.647570,0
USDCNH.,1471933302,6.654260,6.653590,6.661280,6.647570,0
USDCNH.,1471933302,6.654260,6.653590,6.661280,6.647570,0
USDCNH.,1471933302,6.654230,6.653590,6.661280,6.647570,0
USDCNH.,1471933302,6.654230,6.653590,6.661280,6.647570,0
USDCNH.,1471933302,6.654230,6.653590,6.661280,6.647570,0
USDCNH.,1471933302,6.654230,6.653590,6.661280,6.647570,0
USDCNH.,1471933302,6.654230,6.653590,6.661280,6.647570,0
USDCNH.,1471933309,6.654150,6.653590,6.661280,6.647570,0
USDCNH.,1471933309,6.654150,6.653590,6.661280,6.647570,0
USDCNH.,1471933309,6.654150,6.653590,6.661280,6.647570,0
USDCNH.,1471933309,6.654150,6.653590,6.661280,6.647570,0
USDCNH.,1471933309,6.654150,6.653590,6.661280,6.647570,0
USDCNH.,1471933311,6.654250,6.653590,6.661280,6.647570,0
USDCNH.,1471933311,6.654250,6.653590,6.661280,6.647570,0
USDCNH.,1471933311,6.654250,6.653590,6.661280,6.647570,0
USDCNH.,1471933311,6.654250,6.653590,6.661280,6.647570,0
USDCNH.,1471933311,6.654250,6.653590,6.661280,6.647570,0
USDCNH.,1471933316,6.654170,6.653590,6.661280,6.647570,0
USDCNH.,1471933316,6.654170,6.653590,6.661280,6.647570,0
USDCNH.,1471933316,6.654170,6.653590,6.661280,6.647570,0
USDCNH.,1471933316,6.654170,6.653590,6.661280,6.647570,0
USDCNH.,1471933316,6.654170,6.653590,6.661280,6.647570,0
USDCNH.,1471933318,6.654220,6.653590,6.661280,6.647570,0
USDCNH.,1471933318,6.654220,6.653590,6.661280,6.647570,0
USDCNH.,1471933318,6.654220,6.653590,6.661280,6.647570,0
USDCNH.,1471933318,6.654220,6.653590,6.661280,6.647570,0
USDCNH.,1471933318,6.654220,6.653590,6.661280,6.647570,0
USDCNH.,1471933321,6.654250,6.653590,6.661280,6.647570,0
USDCNH.,1471933321,6.654250,6.653590,6.661280,6.647570,0
USDCNH.,1471933321,6.654250,6.653590,6.661280,6.647570,0
USDCNH.,1471933321,6.654250,6.653590,6.661280,6.647570,0
USDCNH.,1471933321,6.654250,6.653590,6.661280,6.647570,0
USDCNH.,1471933322,6.654200,6.653590,6.661280,6.647570,0
USDCNH.,1471933322,6.654200,6.653590,6.661280,6.647570,0
USDCNH.,1471933322,6.654200,6.653590,6.661280,6.647570,0
USDCNH.,1471933322,6.654200,6.653590,6.661280,6.647570,0
USDCNH.,1471933322,6.654200,6.653590,6.661280,6.647570,0
USDCNH.,1471933324,6.654240,6.653590,6.661280,6.647570,0
USDCNH.,1471933324,6.654240,6.653590,6.661280,6.647570,0
USDCNH.,1471933324,6.654240,6.653590,6.661280,6.647570,0
USDCNH.,1471933324,6.654240,6.653590,6.661280,6.647570,0
USDCNH.,1471933324,6.654240,6.653590,6.661280,6.647570,0
USDCNH.,1471933329,6.654160,6.653590,6.661280,6.647570,0
USDCNH.,1471933329,6.654160,6.653590,6.661280,6.647570,0
USDCNH.,1471933329,6.654160,6.653590,6.661280,6.647570,0
USDCNH.,1471933329,6.654160,6.653590,6.661280,6.647570,0
USDCNH.,1471933329,6.654160,6.653590,6.661280,6.647570,0
USDCNH.,1471933377,6.653900,6.653320,6.661280,6.647570,0
USDCNH.,1471933377,6.653900,6.653320,6.661280,6.647570,0
USDCNH.,1471933377,6.653900,6.653320,6.661280,6.647570,0
USDCNH.,1471933377,6.653900,6.653320,6.661280,6.647570,0
USDCNH.,1471933377,6.653900,6.653320,6.661280,6.647570,0
USDCNH.,1471933377,6.653900,6.653350,6.661280,6.647570,0
USDCNH.,1471933377,6.653900,6.653350,6.661280,6.647570,0
USDCNH.,1471933377,6.653900,6.653350,6.661280,6.647570,0
USDCNH.,1471933377,6.653900,6.653350,6.661280,6.647570,0
USDCNH.,1471933377,6.653900,6.653350,6.661280,6.647570,0
USDCNH.,1471933377,6.653900,6.653250,6.661280,6.647570,0
USDCNH.,1471933377,6.653900,6.653250,6.661280,6.647570,0
USDCNH.,1471933377,6.653900,6.653250,6.661280,6.647570,0
USDCNH.,1471933377,6.653900,6.653250,6.661280,6.647570,0
USDCNH.,1471933377,6.653900,6.653250,6.661280,6.647570,0
USDCNH.,1471933378,6.653950,6.653400,6.661280,6.647570,0
USDCNH.,1471933378,6.653950,6.653400,6.661280,6.647570,0
USDCNH.,1471933378,6.653950,6.653400,6.661280,6.647570,0
USDCNH.,1471933378,6.653950,6.653400,6.661280,6.647570,0
USDCNH.,1471933378,6.653950,6.653400,6.661280,6.647570,0
USDCNH.,1471933379,6.653970,6.653400,6.661280,6.647570,0
USDCNH.,1471933379,6.653970,6.653400,6.661280,6.647570,0
USDCNH.,1471933379,6.653970,6.653400,6.661280,6.647570,0
USDCNH.,1471933379,6.653970,6.653400,6.661280,6.647570,0
USDCNH.,1471933379,6.653970,6.653400,6.661280,6.647570,0
USDCNH.,1471933387,6.653970,6.653400,6.661280,6.647570,0
USDCNH.,1471933387,6.653970,6.653400,6.661280,6.647570,0
USDCNH.,1471933387,6.653970,6.653400,6.661280,6.647570,0
USDCNH.,1471933387,6.653970,6.653400,6.661280,6.647570,0
USDCNH.,1471933387,6.653970,6.653400,6.661280,6.647570,0
USDCNH.,1471933396,6.653970,6.653400,6.661280,6.647570,0
USDCNH.,1471933396,6.653970,6.653400,6.661280,6.647570,0
USDCNH.,1471933396,6.653970,6.653400,6.661280,6.647570,0
USDCNH.,1471933396,6.653970,6.653400,6.661280,6.647570,0
USDCNH.,1471933396,6.653970,6.653400,6.661280,6.647570,0
USDCNH.,1471933404,6.653980,6.653400,6.661280,6.647570,0
USDCNH.,1471933404,6.653980,6.653400,6.661280,6.647570,0
USDCNH.,1471933404,6.653980,6.653400,6.661280,6.647570,0
USDCNH.,1471933404,6.653980,6.653400,6.661280,6.647570,0
USDCNH.,1471933404,6.653980,6.653400,6.661280,6.647570,0
USDCNH.,1471933410,6.653940,6.653400,6.661280,6.647570,0
USDCNH.,1471933410,6.653940,6.653400,6.661280,6.647570,0
USDCNH.,1471933410,6.653940,6.653400,6.661280,6.647570,0
USDCNH.,1471933410,6.653940,6.653400,6.661280,6.647570,0
USDCNH.,1471933410,6.653940,6.653400,6.661280,6.647570,0
USDCNH.,1471933427,6.653980,6.653400,6.661280,6.647570,0
USDCNH.,1471933427,6.653980,6.653400,6.661280,6.647570,0
USDCNH.,1471933427,6.653980,6.653400,6.661280,6.647570,0
USDCNH.,1471933427,6.653980,6.653400,6.661280,6.647570,0
USDCNH.,1471933427,6.653980,6.653400,6.661280,6.647570,0
USDCNH.,1471933427,6.653900,6.653380,6.661280,6.647570,0
USDCNH.,1471933427,6.653900,6.653380,6.661280,6.647570,0
USDCNH.,1471933427,6.653900,6.653380,6.661280,6.647570,0
USDCNH.,1471933427,6.653900,6.653380,6.661280,6.647570,0
USDCNH.,1471933427,6.653900,6.653380,6.661280,6.647570,0
USDCNH.,1471933427,6.653800,6.653380,6.661280,6.647570,0
USDCNH.,1471933427,6.653800,6.653380,6.661280,6.647570,0
USDCNH.,1471933427,6.653800,6.653380,6.661280,6.647570,0
USDCNH.,1471933427,6.653800,6.653380,6.661280,6.647570,0
USDCNH.,1471933427,6.653800,6.653380,6.661280,6.647570,0
USDCNH.,1471933436,6.653900,6.653380,6.661280,6.647570,0
USDCNH.,1471933436,6.653900,6.653380,6.661280,6.647570,0
USDCNH.,1471933436,6.653900,6.653380,6.661280,6.647570,0
USDCNH.,1471933436,6.653900,6.653380,6.661280,6.647570,0
USDCNH.,1471933436,6.653900,6.653380,6.661280,6.647570,0
USDCNH.,1471933436,6.653980,6.653400,6.661280,6.647570,0
USDCNH.,1471933436,6.653980,6.653400,6.661280,6.647570,0
USDCNH.,1471933436,6.653980,6.653400,6.661280,6.647570,0
USDCNH.,1471933436,6.653980,6.653400,6.661280,6.647570,0
USDCNH.,1471933436,6.653980,6.653400,6.661280,6.647570,0
USDCNH.,1471933436,6.653900,6.653360,6.661280,6.647570,0
USDCNH.,1471933436,6.653900,6.653360,6.661280,6.647570,0
USDCNH.,1471933436,6.653900,6.653360,6.661280,6.647570,0
USDCNH.,1471933436,6.653900,6.653360,6.661280,6.647570,0
USDCNH.,1471933436,6.653900,6.653360,6.661280,6.647570,0
USDCNH.,1471933436,6.653800,6.653360,6.661280,6.647570,0
USDCNH.,1471933436,6.653800,6.653360,6.661280,6.647570,0
USDCNH.,1471933436,6.653800,6.653360,6.661280,6.647570,0
USDCNH.,1471933436,6.653800,6.653360,6.661280,6.647570,0
USDCNH.,1471933436,6.653800,6.653360,6.661280,6.647570,0
USDCNH.,1471933444,6.653800,6.653340,6.661280,6.647570,0
USDCNH.,1471933444,6.653800,6.653340,6.661280,6.647570,0
USDCNH.,1471933444,6.653800,6.653340,6.661280,6.647570,0
USDCNH.,1471933444,6.653800,6.653340,6.661280,6.647570,0
USDCNH.,1471933444,6.653800,6.653340,6.661280,6.647570,0
USDCNH.,1471933444,6.653700,6.653320,6.661280,6.647570,0
USDCNH.,1471933444,6.653700,6.653320,6.661280,6.647570,0
USDCNH.,1471933444,6.653700,6.653320,6.661280,6.647570,0
USDCNH.,1471933444,6.653700,6.653320,6.661280,6.647570,0
USDCNH.,1471933444,6.653700,6.653320,6.661280,6.647570,0
USDCNH.,1471933445,6.653700,6.653110,6.661280,6.647570,0
USDCNH.,1471933445,6.653700,6.653110,6.661280,6.647570,0
USDCNH.,1471933445,6.653700,6.653110,6.661280,6.647570,0
USDCNH.,1471933445,6.653700,6.653110,6.661280,6.647570,0
USDCNH.,1471933445,6.653700,6.653110,6.661280,6.647570,0
USDCNH.,1471933445,6.653600,6.653040,6.661280,6.647570,0
USDCNH.,1471933445,6.653600,6.653040,6.661280,6.647570,0
USDCNH.,1471933445,6.653600,6.653040,6.661280,6.647570,0
USDCNH.,1471933445,6.653600,6.653040,6.661280,6.647570,0
USDCNH.,1471933445,6.653600,6.653040,6.661280,6.647570,0
USDCNH.,1471933445,6.653700,6.653010,6.661280,6.647570,0
USDCNH.,1471933445,6.653700,6.653010,6.661280,6.647570,0
USDCNH.,1471933445,6.653700,6.653010,6.661280,6.647570,0
USDCNH.,1471933445,6.653700,6.653010,6.661280,6.647570,0
USDCNH.,1471933445,6.653700,6.653010,6.661280,6.647570,0
USDCNH.,1471933446,6.653690,6.652980,6.661280,6.647570,0
USDCNH.,1471933446,6.653690,6.652980,6.661280,6.647570,0
USDCNH.,1471933446,6.653690,6.652980,6.661280,6.647570,0
USDCNH.,1471933446,6.653690,6.652980,6.661280,6.647570,0
USDCNH.,1471933446,6.653690,6.652980,6.661280,6.647570,0
USDCNH.,1471933459,6.653720,6.653010,6.661280,6.647570,0
USDCNH.,1471933459,6.653720,6.653010,6.661280,6.647570,0
USDCNH.,1471933459,6.653720,6.653010,6.661280,6.647570,0
USDCNH.,1471933459,6.653720,6.653010,6.661280,6.647570,0
USDCNH.,1471933459,6.653720,6.653010,6.661280,6.647570,0
USDCNH.,1471933459,6.653690,6.652980,6.661280,6.647570,0
USDCNH.,1471933459,6.653690,6.652980,6.661280,6.647570,0
USDCNH.,1471933459,6.653690,6.652980,6.661280,6.647570,0
USDCNH.,1471933459,6.653690,6.652980,6.661280,6.647570,0
USDCNH.,1471933459,6.653690,6.652980,6.661280,6.647570,0
USDCNH.,1471933461,6.653670,6.652980,6.661280,6.647570,0
USDCNH.,1471933462,6.653670,6.652980,6.661280,6.647570,0
USDCNH.,1471933462,6.653670,6.652980,6.661280,6.647570,0
USDCNH.,1471933462,6.653670,6.652980,6.661280,6.647570,0
USDCNH.,1471933462,6.653670,6.652980,6.661280,6.647570,0
USDCNH.,1471933462,6.653660,6.652950,6.661280,6.647570,0
USDCNH.,1471933462,6.653660,6.652950,6.661280,6.647570,0
USDCNH.,1471933462,6.653660,6.652950,6.661280,6.647570,0
USDCNH.,1471933462,6.653660,6.652950,6.661280,6.647570,0
USDCNH.,1471933462,6.653660,6.652950,6.661280,6.647570,0
USDCNH.,1471933468,6.653670,6.652980,6.661280,6.647570,0
USDCNH.,1471933468,6.653670,6.652980,6.661280,6.647570,0
USDCNH.,1471933468,6.653670,6.652980,6.661280,6.647570,0
USDCNH.,1471933468,6.653670,6.652980,6.661280,6.647570,0
USDCNH.,1471933468,6.653670,6.652980,6.661280,6.647570,0
USDCNH.,1471933474,6.653740,6.653070,6.661280,6.647570,0
USDCNH.,1471933474,6.653740,6.653070,6.661280,6.647570,0
USDCNH.,1471933474,6.653740,6.653070,6.661280,6.647570,0
USDCNH.,1471933474,6.653740,6.653070,6.661280,6.647570,0
USDCNH.,1471933474,6.653740,6.653070,6.661280,6.647570,0
USDCNH.,1471933474,6.653700,6.653070,6.661280,6.647570,0
USDCNH.,1471933474,6.653700,6.653070,6.661280,6.647570,0
USDCNH.,1471933474,6.653700,6.653070,6.661280,6.647570,0
USDCNH.,1471933474,6.653700,6.653070,6.661280,6.647570,0
USDCNH.,1471933474,6.653700,6.653070,6.661280,6.647570,0
USDCNH.,1471933475,6.653700,6.653090,6.661280,6.647570,0
USDCNH.,1471933475,6.653700,6.653090,6.661280,6.647570,0
USDCNH.,1471933475,6.653700,6.653090,6.661280,6.647570,0
USDCNH.,1471933475,6.653700,6.653090,6.661280,6.647570,0
USDCNH.,1471933475,6.653700,6.653090,6.661280,6.647570,0
USDCNH.,1471933476,6.653700,6.653120,6.661280,6.647570,0
USDCNH.,1471933476,6.653700,6.653120,6.661280,6.647570,0
USDCNH.,1471933476,6.653700,6.653120,6.661280,6.647570,0
USDCNH.,1471933476,6.653700,6.653120,6.661280,6.647570,0
USDCNH.,1471933476,6.653700,6.653120,6.661280,6.647570,0
USDCNH.,1471933478,6.653750,6.653120,6.661280,6.647570,0
USDCNH.,1471933478,6.653750,6.653120,6.661280,6.647570,0
USDCNH.,1471933478,6.653750,6.653120,6.661280,6.647570,0
USDCNH.,1471933478,6.653750,6.653120,6.661280,6.647570,0
USDCNH.,1471933478,6.653750,6.653120,6.661280,6.647570,0
USDCNH.,1471933479,6.653770,6.653150,6.661280,6.647570,0
USDCNH.,1471933479,6.653770,6.653150,6.661280,6.647570,0
USDCNH.,1471933479,6.653770,6.653150,6.661280,6.647570,0
USDCNH.,1471933479,6.653770,6.653150,6.661280,6.647570,0
USDCNH.,1471933479,6.653770,6.653150,6.661280,6.647570,0
USDCNH.,1471933523,6.653750,6.653150,6.661280,6.647570,0
USDCNH.,1471933523,6.653750,6.653150,6.661280,6.647570,0
USDCNH.,1471933523,6.653750,6.653150,6.661280,6.647570,0
USDCNH.,1471933523,6.653750,6.653150,6.661280,6.647570,0
USDCNH.,1471933523,6.653750,6.653150,6.661280,6.647570,0
USDCNH.,1471933525,6.653700,6.653150,6.661280,6.647570,0
USDCNH.,1471933525,6.653700,6.653150,6.661280,6.647570,0
USDCNH.,1471933525,6.653700,6.653150,6.661280,6.647570,0
USDCNH.,1471933525,6.653700,6.653150,6.661280,6.647570,0
USDCNH.,1471933525,6.653700,6.653150,6.661280,6.647570,0
USDCNH.,1471933525,6.653750,6.653150,6.661280,6.647570,0
USDCNH.,1471933525,6.653750,6.653150,6.661280,6.647570,0
USDCNH.,1471933525,6.653750,6.653150,6.661280,6.647570,0
USDCNH.,1471933525,6.653750,6.653150,6.661280,6.647570,0
USDCNH.,1471933525,6.653750,6.653150,6.661280,6.647570,0
USDCNH.,1471933526,6.653700,6.653150,6.661280,6.647570,0
USDCNH.,1471933526,6.653700,6.653150,6.661280,6.647570,0
USDCNH.,1471933526,6.653700,6.653150,6.661280,6.647570,0
USDCNH.,1471933526,6.653700,6.653150,6.661280,6.647570,0
USDCNH.,1471933526,6.653700,6.653150,6.661280,6.647570,0
USDCNH.,1471933526,6.653750,6.653150,6.661280,6.647570,0
USDCNH.,1471933526,6.653750,6.653150,6.661280,6.647570,0
USDCNH.,1471933526,6.653750,6.653150,6.661280,6.647570,0
USDCNH.,1471933526,6.653750,6.653150,6.661280,6.647570,0
USDCNH.,1471933526,6.653750,6.653150,6.661280,6.647570,0
USDCNH.,1471933528,6.653700,6.653150,6.661280,6.647570,0
USDCNH.,1471933528,6.653700,6.653150,6.661280,6.647570,0
USDCNH.,1471933528,6.653700,6.653150,6.661280,6.647570,0
USDCNH.,1471933528,6.653700,6.653150,6.661280,6.647570,0
USDCNH.,1471933528,6.653700,6.653150,6.661280,6.647570,0
USDCNH.,1471933528,6.653750,6.653150,6.661280,6.647570,0
USDCNH.,1471933528,6.653750,6.653150,6.661280,6.647570,0
USDCNH.,1471933528,6.653750,6.653150,6.661280,6.647570,0
USDCNH.,1471933528,6.653750,6.653150,6.661280,6.647570,0
USDCNH.,1471933528,6.653750,6.653150,6.661280,6.647570,0
USDCNH.,1471933529,6.653700,6.653150,6.661280,6.647570,0
USDCNH.,1471933529,6.653700,6.653150,6.661280,6.647570,0
USDCNH.,1471933529,6.653700,6.653150,6.661280,6.647570,0
USDCNH.,1471933529,6.653700,6.653150,6.661280,6.647570,0
USDCNH.,1471933529,6.653700,6.653150,6.661280,6.647570,0
USDCNH.,1471933529,6.653750,6.653150,6.661280,6.647570,0
USDCNH.,1471933529,6.653750,6.653150,6.661280,6.647570,0
USDCNH.,1471933529,6.653750,6.653150,6.661280,6.647570,0
USDCNH.,1471933529,6.653750,6.653150,6.661280,6.647570,0
USDCNH.,1471933529,6.653750,6.653150,6.661280,6.647570,0
USDCNH.,1471933530,6.653700,6.653150,6.661280,6.647570,0
USDCNH.,1471933530,6.653700,6.653150,6.661280,6.647570,0
USDCNH.,1471933530,6.653700,6.653150,6.661280,6.647570,0
USDCNH.,1471933530,6.653700,6.653150,6.661280,6.647570,0
USDCNH.,1471933530,6.653700,6.653150,6.661280,6.647570,0
USDCNH.,1471933530,6.653750,6.653150,6.661280,6.647570,0
USDCNH.,1471933530,6.653750,6.653150,6.661280,6.647570,0
USDCNH.,1471933530,6.653750,6.653150,6.661280,6.647570,0
USDCNH.,1471933530,6.653750,6.653150,6.661280,6.647570,0
USDCNH.,1471933530,6.653750,6.653150,6.661280,6.647570,0
USDCNH.,1471933532,6.653700,6.653150,6.661280,6.647570,0
USDCNH.,1471933532,6.653700,6.653150,6.661280,6.647570,0
USDCNH.,1471933532,6.653700,6.653150,6.661280,6.647570,0
USDCNH.,1471933532,6.653700,6.653150,6.661280,6.647570,0
USDCNH.,1471933532,6.653700,6.653150,6.661280,6.647570,0
USDCNH.,1471933532,6.653750,6.653150,6.661280,6.647570,0
USDCNH.,1471933532,6.653750,6.653150,6.661280,6.647570,0
USDCNH.,1471933532,6.653750,6.653150,6.661280,6.647570,0
USDCNH.,1471933532,6.653750,6.653150,6.661280,6.647570,0
USDCNH.,1471933532,6.653750,6.653150,6.661280,6.647570,0
USDCNH.,1471933532,6.653700,6.653150,6.661280,6.647570,0
USDCNH.,1471933532,6.653700,6.653150,6.661280,6.647570,0
USDCNH.,1471933532,6.653700,6.653150,6.661280,6.647570,0
USDCNH.,1471933532,6.653700,6.653150,6.661280,6.647570,0
USDCNH.,1471933532,6.653700,6.653150,6.661280,6.647570,0
USDCNH.,1471933532,6.653750,6.653150,6.661280,6.647570,0
USDCNH.,1471933532,6.653750,6.653150,6.661280,6.647570,0
USDCNH.,1471933532,6.653750,6.653150,6.661280,6.647570,0
USDCNH.,1471933532,6.653750,6.653150,6.661280,6.647570,0
USDCNH.,1471933532,6.653750,6.653150,6.661280,6.647570,0
USDCNH.,1471933533,6.653700,6.653150,6.661280,6.647570,0
USDCNH.,1471933533,6.653700,6.653150,6.661280,6.647570,0
USDCNH.,1471933533,6.653700,6.653150,6.661280,6.647570,0
USDCNH.,1471933533,6.653700,6.653150,6.661280,6.647570,0
USDCNH.,1471933533,6.653700,6.653150,6.661280,6.647570,0
USDCNH.,1471933533,6.653750,6.653150,6.661280,6.647570,0
USDCNH.,1471933533,6.653750,6.653150,6.661280,6.647570,0
USDCNH.,1471933533,6.653750,6.653150,6.661280,6.647570,0
USDCNH.,1471933533,6.653750,6.653150,6.661280,6.647570,0
USDCNH.,1471933533,6.653750,6.653150,6.661280,6.647570,0
USDCNH.,1471933533,6.653700,6.653150,6.661280,6.647570,0
USDCNH.,1471933533,6.653700,6.653150,6.661280,6.647570,0
USDCNH.,1471933533,6.653700,6.653150,6.661280,6.647570,0
USDCNH.,1471933533,6.653700,6.653150,6.661280,6.647570,0
USDCNH.,1471933533,6.653700,6.653150,6.661280,6.647570,0
USDCNH.,1471933534,6.653750,6.653150,6.661280,6.647570,0
USDCNH.,1471933534,6.653750,6.653150,6.661280,6.647570,0
USDCNH.,1471933534,6.653750,6.653150,6.661280,6.647570,0
USDCNH.,1471933534,6.653750,6.653150,6.661280,6.647570,0
USDCNH.,1471933534,6.653750,6.653150,6.661280,6.647570,0
USDCNH.,1471933535,6.653700,6.653150,6.661280,6.647570,0
USDCNH.,1471933535,6.653700,6.653150,6.661280,6.647570,0
USDCNH.,1471933535,6.653700,6.653150,6.661280,6.647570,0
USDCNH.,1471933535,6.653700,6.653150,6.661280,6.647570,0
USDCNH.,1471933535,6.653700,6.653150,6.661280,6.647570,0
USDCNH.,1471933535,6.653750,6.653150,6.661280,6.647570,0
USDCNH.,1471933535,6.653750,6.653150,6.661280,6.647570,0
USDCNH.,1471933535,6.653750,6.653150,6.661280,6.647570,0
USDCNH.,1471933535,6.653750,6.653150,6.661280,6.647570,0
USDCNH.,1471933535,6.653750,6.653150,6.661280,6.647570,0
USDCNH.,1471933536,6.653750,6.653120,6.661280,6.647570,0
USDCNH.,1471933536,6.653750,6.653120,6.661280,6.647570,0
USDCNH.,1471933536,6.653750,6.653120,6.661280,6.647570,0
USDCNH.,1471933536,6.653750,6.653120,6.661280,6.647570,0
USDCNH.,1471933536,6.653750,6.653120,6.661280,6.647570,0
USDCNH.,1471933536,6.653700,6.653120,6.661280,6.647570,0
USDCNH.,1471933536,6.653700,6.653120,6.661280,6.647570,0
USDCNH.,1471933536,6.653700,6.653120,6.661280,6.647570,0
USDCNH.,1471933536,6.653700,6.653120,6.661280,6.647570,0
USDCNH.,1471933536,6.653700,6.653120,6.661280,6.647570,0
USDCNH.,1471933536,6.653750,6.653120,6.661280,6.647570,0
USDCNH.,1471933536,6.653750,6.653120,6.661280,6.647570,0
USDCNH.,1471933536,6.653750,6.653120,6.661280,6.647570,0
USDCNH.,1471933536,6.653750,6.653120,6.661280,6.647570,0
USDCNH.,1471933536,6.653750,6.653120,6.661280,6.647570,0
USDCNH.,1471933537,6.653700,6.653120,6.661280,6.647570,0
USDCNH.,1471933537,6.653700,6.653120,6.661280,6.647570,0
USDCNH.,1471933537,6.653700,6.653120,6.661280,6.647570,0
USDCNH.,1471933537,6.653700,6.653120,6.661280,6.647570,0
USDCNH.,1471933537,6.653700,6.653120,6.661280,6.647570,0
USDCNH.,1471933537,6.653750,6.653120,6.661280,6.647570,0
USDCNH.,1471933537,6.653750,6.653120,6.661280,6.647570,0
USDCNH.,1471933537,6.653750,6.653120,6.661280,6.647570,0
USDCNH.,1471933537,6.653750,6.653120,6.661280,6.647570,0
USDCNH.,1471933537,6.653750,6.653120,6.661280,6.647570,0
USDCNH.,1471933538,6.653700,6.653120,6.661280,6.647570,0
USDCNH.,1471933538,6.653700,6.653120,6.661280,6.647570,0
USDCNH.,1471933538,6.653700,6.653120,6.661280,6.647570,0
USDCNH.,1471933538,6.653700,6.653120,6.661280,6.647570,0
USDCNH.,1471933538,6.653700,6.653120,6.661280,6.647570,0
USDCNH.,1471933539,6.653750,6.653120,6.661280,6.647570,0
USDCNH.,1471933539,6.653750,6.653120,6.661280,6.647570,0
USDCNH.,1471933539,6.653750,6.653120,6.661280,6.647570,0
USDCNH.,1471933539,6.653750,6.653120,6.661280,6.647570,0
USDCNH.,1471933539,6.653750,6.653120,6.661280,6.647570,0
USDCNH.,1471933539,6.653700,6.653120,6.661280,6.647570,0
USDCNH.,1471933539,6.653700,6.653120,6.661280,6.647570,0
USDCNH.,1471933539,6.653700,6.653120,6.661280,6.647570,0
USDCNH.,1471933539,6.653700,6.653120,6.661280,6.647570,0
USDCNH.,1471933539,6.653700,6.653120,6.661280,6.647570,0
USDCNH.,1471933540,6.653750,6.653120,6.661280,6.647570,0
USDCNH.,1471933540,6.653750,6.653120,6.661280,6.647570,0
USDCNH.,1471933540,6.653750,6.653120,6.661280,6.647570,0
USDCNH.,1471933540,6.653750,6.653120,6.661280,6.647570,0
USDCNH.,1471933540,6.653750,6.653120,6.661280,6.647570,0
USDCNH.,1471933540,6.653700,6.653120,6.661280,6.647570,0
USDCNH.,1471933540,6.653700,6.653120,6.661280,6.647570,0
USDCNH.,1471933540,6.653700,6.653120,6.661280,6.647570,0
USDCNH.,1471933540,6.653700,6.653120,6.661280,6.647570,0
USDCNH.,1471933540,6.653700,6.653120,6.661280,6.647570,0
USDCNH.,1471933540,6.653750,6.653120,6.661280,6.647570,0
USDCNH.,1471933540,6.653750,6.653120,6.661280,6.647570,0
USDCNH.,1471933540,6.653750,6.653120,6.661280,6.647570,0
USDCNH.,1471933540,6.653750,6.653120,6.661280,6.647570,0
USDCNH.,1471933540,6.653750,6.653120,6.661280,6.647570,0
USDCNH.,1471933541,6.653700,6.653120,6.661280,6.647570,0
USDCNH.,1471933541,6.653700,6.653120,6.661280,6.647570,0
USDCNH.,1471933541,6.653700,6.653120,6.661280,6.647570,0
USDCNH.,1471933541,6.653700,6.653120,6.661280,6.647570,0
USDCNH.,1471933541,6.653700,6.653120,6.661280,6.647570,0
USDCNH.,1471933541,6.653750,6.653120,6.661280,6.647570,0
USDCNH.,1471933541,6.653750,6.653120,6.661280,6.647570,0
USDCNH.,1471933541,6.653750,6.653120,6.661280,6.647570,0
USDCNH.,1471933541,6.653750,6.653120,6.661280,6.647570,0
USDCNH.,1471933541,6.653750,6.653120,6.661280,6.647570,0
USDCNH.,1471933541,6.653700,6.653120,6.661280,6.647570,0
USDCNH.,1471933541,6.653700,6.653120,6.661280,6.647570,0
USDCNH.,1471933541,6.653700,6.653120,6.661280,6.647570,0
USDCNH.,1471933541,6.653700,6.653120,6.661280,6.647570,0
USDCNH.,1471933541,6.653700,6.653120,6.661280,6.647570,0
USDCNH.,1471933541,6.653750,6.653120,6.661280,6.647570,0
USDCNH.,1471933541,6.653750,6.653120,6.661280,6.647570,0
USDCNH.,1471933541,6.653750,6.653120,6.661280,6.647570,0
USDCNH.,1471933541,6.653750,6.653120,6.661280,6.647570,0
USDCNH.,1471933541,6.653750,6.653120,6.661280,6.647570,0
USDCNH.,1471933541,6.653700,6.653120,6.661280,6.647570,0
USDCNH.,1471933541,6.653700,6.653120,6.661280,6.647570,0
USDCNH.,1471933541,6.653700,6.653120,6.661280,6.647570,0
USDCNH.,1471933541,6.653700,6.653120,6.661280,6.647570,0
USDCNH.,1471933541,6.653700,6.653120,6.661280,6.647570,0
USDCNH.,1471933541,6.653750,6.653120,6.661280,6.647570,0
USDCNH.,1471933541,6.653750,6.653120,6.661280,6.647570,0
USDCNH.,1471933541,6.653750,6.653120,6.661280,6.647570,0
USDCNH.,1471933541,6.653750,6.653120,6.661280,6.647570,0
USDCNH.,1471933541,6.653750,6.653120,6.661280,6.647570,0
USDCNH.,1471933542,6.653700,6.653120,6.661280,6.647570,0
USDCNH.,1471933542,6.653700,6.653120,6.661280,6.647570,0
USDCNH.,1471933542,6.653700,6.653120,6.661280,6.647570,0
USDCNH.,1471933542,6.653700,6.653120,6.661280,6.647570,0
USDCNH.,1471933542,6.653700,6.653120,6.661280,6.647570,0
USDCNH.,1471933542,6.653750,6.653120,6.661280,6.647570,0
USDCNH.,1471933542,6.653750,6.653120,6.661280,6.647570,0
USDCNH.,1471933542,6.653750,6.653120,6.661280,6.647570,0
USDCNH.,1471933542,6.653750,6.653120,6.661280,6.647570,0
USDCNH.,1471933542,6.653750,6.653120,6.661280,6.647570,0
USDCNH.,1471933542,6.653700,6.653120,6.661280,6.647570,0
USDCNH.,1471933542,6.653700,6.653120,6.661280,6.647570,0
USDCNH.,1471933542,6.653700,6.653120,6.661280,6.647570,0
USDCNH.,1471933542,6.653700,6.653120,6.661280,6.647570,0
USDCNH.,1471933542,6.653700,6.653120,6.661280,6.647570,0
USDCNH.,1471933542,6.653750,6.653120,6.661280,6.647570,0
USDCNH.,1471933542,6.653750,6.653120,6.661280,6.647570,0
USDCNH.,1471933542,6.653750,6.653120,6.661280,6.647570,0
USDCNH.,1471933542,6.653750,6.653120,6.661280,6.647570,0
USDCNH.,1471933542,6.653750,6.653120,6.661280,6.647570,0
USDCNH.,1471933542,6.653700,6.653120,6.661280,6.647570,0
USDCNH.,1471933542,6.653700,6.653120,6.661280,6.647570,0
USDCNH.,1471933542,6.653700,6.653120,6.661280,6.647570,0
USDCNH.,1471933542,6.653700,6.653120,6.661280,6.647570,0
USDCNH.,1471933542,6.653700,6.653120,6.661280,6.647570,0
USDCNH.,1471933543,6.653750,6.653120,6.661280,6.647570,0
USDCNH.,1471933543,6.653750,6.653120,6.661280,6.647570,0
USDCNH.,1471933543,6.653750,6.653120,6.661280,6.647570,0
USDCNH.,1471933543,6.653750,6.653120,6.661280,6.647570,0
USDCNH.,1471933543,6.653750,6.653120,6.661280,6.647570,0
USDCNH.,1471933543,6.653700,6.653120,6.661280,6.647570,0
USDCNH.,1471933543,6.653700,6.653120,6.661280,6.647570,0
USDCNH.,1471933543,6.653700,6.653120,6.661280,6.647570,0
USDCNH.,1471933543,6.653700,6.653120,6.661280,6.647570,0
USDCNH.,1471933543,6.653700,6.653120,6.661280,6.647570,0
USDCNH.,1471933544,6.653750,6.653120,6.661280,6.647570,0
USDCNH.,1471933544,6.653750,6.653120,6.661280,6.647570,0
USDCNH.,1471933544,6.653750,6.653120,6.661280,6.647570,0
USDCNH.,1471933544,6.653750,6.653120,6.661280,6.647570,0
USDCNH.,1471933544,6.653750,6.653120,6.661280,6.647570,0
USDCNH.,1471933544,6.653700,6.653120,6.661280,6.647570,0
USDCNH.,1471933544,6.653700,6.653120,6.661280,6.647570,0
USDCNH.,1471933544,6.653700,6.653120,6.661280,6.647570,0
USDCNH.,1471933544,6.653700,6.653120,6.661280,6.647570,0
USDCNH.,1471933544,6.653700,6.653120,6.661280,6.647570,0
USDCNH.,1471933545,6.653750,6.653120,6.661280,6.647570,0
USDCNH.,1471933545,6.653750,6.653120,6.661280,6.647570,0
USDCNH.,1471933545,6.653750,6.653120,6.661280,6.647570,0
USDCNH.,1471933545,6.653750,6.653120,6.661280,6.647570,0
USDCNH.,1471933545,6.653750,6.653120,6.661280,6.647570,0
USDCNH.,1471933546,6.653700,6.653120,6.661280,6.647570,0
USDCNH.,1471933546,6.653700,6.653120,6.661280,6.647570,0
USDCNH.,1471933546,6.653700,6.653120,6.661280,6.647570,0
USDCNH.,1471933546,6.653700,6.653120,6.661280,6.647570,0
USDCNH.,1471933546,6.653700,6.653120,6.661280,6.647570,0
USDCNH.,1471933547,6.653750,6.653120,6.661280,6.647570,0
USDCNH.,1471933547,6.653750,6.653120,6.661280,6.647570,0
USDCNH.,1471933547,6.653750,6.653120,6.661280,6.647570,0
USDCNH.,1471933547,6.653750,6.653120,6.661280,6.647570,0
USDCNH.,1471933547,6.653750,6.653120,6.661280,6.647570,0
USDCNH.,1471933548,6.653700,6.653120,6.661280,6.647570,0
USDCNH.,1471933548,6.653700,6.653120,6.661280,6.647570,0
USDCNH.,1471933548,6.653700,6.653120,6.661280,6.647570,0
USDCNH.,1471933548,6.653700,6.653120,6.661280,6.647570,0
USDCNH.,1471933548,6.653700,6.653120,6.661280,6.647570,0
USDCNH.,1471933548,6.653750,6.653120,6.661280,6.647570,0
USDCNH.,1471933548,6.653750,6.653120,6.661280,6.647570,0
USDCNH.,1471933548,6.653750,6.653120,6.661280,6.647570,0
USDCNH.,1471933548,6.653750,6.653120,6.661280,6.647570,0
USDCNH.,1471933549,6.653750,6.653120,6.661280,6.647570,0
USDCNH.,1471933550,6.653700,6.653120,6.661280,6.647570,0
USDCNH.,1471933550,6.653700,6.653120,6.661280,6.647570,0
USDCNH.,1471933550,6.653700,6.653120,6.661280,6.647570,0
USDCNH.,1471933550,6.653700,6.653120,6.661280,6.647570,0
USDCNH.,1471933550,6.653700,6.653120,6.661280,6.647570,0
USDCNH.,1471933550,6.653750,6.653120,6.661280,6.647570,0
USDCNH.,1471933550,6.653750,6.653120,6.661280,6.647570,0
USDCNH.,1471933550,6.653750,6.653120,6.661280,6.647570,0
USDCNH.,1471933550,6.653750,6.653120,6.661280,6.647570,0
USDCNH.,1471933550,6.653750,6.653120,6.661280,6.647570,0
USDCNH.,1471933550,6.653700,6.653120,6.661280,6.647570,0
USDCNH.,1471933550,6.653700,6.653120,6.661280,6.647570,0
USDCNH.,1471933550,6.653700,6.653120,6.661280,6.647570,0
USDCNH.,1471933550,6.653700,6.653120,6.661280,6.647570,0
USDCNH.,1471933550,6.653700,6.653120,6.661280,6.647570,0
USDCNH.,1471933550,6.653750,6.653120,6.661280,6.647570,0
USDCNH.,1471933550,6.653750,6.653120,6.661280,6.647570,0
USDCNH.,1471933550,6.653750,6.653120,6.661280,6.647570,0
USDCNH.,1471933550,6.653750,6.653120,6.661280,6.647570,0
USDCNH.,1471933550,6.653750,6.653120,6.661280,6.647570,0
USDCNH.,1471933551,6.653700,6.653120,6.661280,6.647570,0
USDCNH.,1471933551,6.653700,6.653120,6.661280,6.647570,0
USDCNH.,1471933551,6.653700,6.653120,6.661280,6.647570,0
USDCNH.,1471933551,6.653700,6.653120,6.661280,6.647570,0
USDCNH.,1471933551,6.653700,6.653120,6.661280,6.647570,0
USDCNH.,1471933551,6.653750,6.653120,6.661280,6.647570,0
USDCNH.,1471933551,6.653750,6.653120,6.661280,6.647570,0
USDCNH.,1471933551,6.653750,6.653120,6.661280,6.647570,0
USDCNH.,1471933551,6.653750,6.653120,6.661280,6.647570,0
USDCNH.,1471933551,6.653750,6.653120,6.661280,6.647570,0
USDCNH.,1471933552,6.653700,6.653120,6.661280,6.647570,0
USDCNH.,1471933552,6.653700,6.653120,6.661280,6.647570,0
USDCNH.,1471933552,6.653700,6.653120,6.661280,6.647570,0
USDCNH.,1471933552,6.653700,6.653120,6.661280,6.647570,0
USDCNH.,1471933552,6.653700,6.653120,6.661280,6.647570,0
USDCNH.,1471933552,6.653750,6.653120,6.661280,6.647570,0
USDCNH.,1471933552,6.653750,6.653120,6.661280,6.647570,0
USDCNH.,1471933552,6.653750,6.653120,6.661280,6.647570,0
USDCNH.,1471933552,6.653750,6.653120,6.661280,6.647570,0
USDCNH.,1471933552,6.653750,6.653120,6.661280,6.647570,0
USDCNH.,1471933552,6.653700,6.653120,6.661280,6.647570,0
USDCNH.,1471933552,6.653700,6.653120,6.661280,6.647570,0
USDCNH.,1471933552,6.653700,6.653120,6.661280,6.647570,0
USDCNH.,1471933552,6.653700,6.653120,6.661280,6.647570,0
USDCNH.,1471933552,6.653700,6.653120,6.661280,6.647570,0
USDCNH.,1471933553,6.653750,6.653120,6.661280,6.647570,0
USDCNH.,1471933553,6.653750,6.653120,6.661280,6.647570,0
USDCNH.,1471933553,6.653750,6.653120,6.661280,6.647570,0
USDCNH.,1471933553,6.653750,6.653120,6.661280,6.647570,0
USDCNH.,1471933553,6.653750,6.653120,6.661280,6.647570,0
USDCNH.,1471933554,6.653700,6.653120,6.661280,6.647570,0
USDCNH.,1471933554,6.653700,6.653120,6.661280,6.647570,0
USDCNH.,1471933554,6.653700,6.653120,6.661280,6.647570,0
USDCNH.,1471933554,6.653700,6.653120,6.661280,6.647570,0
USDCNH.,1471933554,6.653700,6.653120,6.661280,6.647570,0
USDCNH.,1471933554,6.653750,6.653200,6.661280,6.647570,0
USDCNH.,1471933554,6.653750,6.653200,6.661280,6.647570,0
USDCNH.,1471933554,6.653750,6.653200,6.661280,6.647570,0
USDCNH.,1471933554,6.653750,6.653200,6.661280,6.647570,0
USDCNH.,1471933554,6.653750,6.653200,6.661280,6.647570,0
USDCNH.,1471933554,6.653800,6.653240,6.661280,6.647570,0
USDCNH.,1471933554,6.653800,6.653240,6.661280,6.647570,0
USDCNH.,1471933554,6.653800,6.653240,6.661280,6.647570,0
USDCNH.,1471933554,6.653800,6.653240,6.661280,6.647570,0
USDCNH.,1471933554,6.653800,6.653240,6.661280,6.647570,0
USDCNH.,1471933554,6.653900,6.653270,6.661280,6.647570,0
USDCNH.,1471933554,6.653900,6.653270,6.661280,6.647570,0
USDCNH.,1471933554,6.653900,6.653270,6.661280,6.647570,0
USDCNH.,1471933554,6.653900,6.653270,6.661280,6.647570,0
USDCNH.,1471933554,6.653900,6.653270,6.661280,6.647570,0
USDCNH.,1471933554,6.653900,6.653320,6.661280,6.647570,0
USDCNH.,1471933554,6.653900,6.653320,6.661280,6.647570,0
USDCNH.,1471933554,6.653900,6.653320,6.661280,6.647570,0
USDCNH.,1471933554,6.653900,6.653320,6.661280,6.647570,0
USDCNH.,1471933554,6.653900,6.653320,6.661280,6.647570,0
USDCNH.,1471933557,6.653950,6.653400,6.661280,6.647570,0
USDCNH.,1471933557,6.653950,6.653400,6.661280,6.647570,0
USDCNH.,1471933557,6.653950,6.653400,6.661280,6.647570,0
USDCNH.,1471933557,6.653950,6.653400,6.661280,6.647570,0
USDCNH.,1471933557,6.653950,6.653400,6.661280,6.647570,0
USDCNH.,1471933657,6.653580,6.652900,6.661280,6.647570,0
USDCNH.,1471933657,6.653580,6.652900,6.661280,6.647570,0
USDCNH.,1471933657,6.653580,6.652900,6.661280,6.647570,0
USDCNH.,1471933657,6.653580,6.652900,6.661280,6.647570,0
USDCNH.,1471933657,6.653580,6.652900,6.661280,6.647570,0
USDCNH.,1471933686,6.653570,6.652900,6.661280,6.647570,0
USDCNH.,1471933686,6.653570,6.652900,6.661280,6.647570,0
USDCNH.,1471933686,6.653570,6.652900,6.661280,6.647570,0
USDCNH.,1471933686,6.653570,6.652900,6.661280,6.647570,0
USDCNH.,1471933686,6.653570,6.652900,6.661280,6.647570,0
USDCNH.,1471933831,6.654080,6.653390,6.661280,6.647570,0
USDCNH.,1471933831,6.654080,6.653390,6.661280,6.647570,0
USDCNH.,1471933831,6.654080,6.653390,6.661280,6.647570,0
USDCNH.,1471933831,6.654080,6.653390,6.661280,6.647570,0
USDCNH.,1471933831,6.654080,6.653390,6.661280,6.647570,0
USDCNH.,1471933926,6.654010,6.653280,6.661280,6.647570,0
USDCNH.,1471933926,6.654010,6.653280,6.661280,6.647570,0
USDCNH.,1471933926,6.654010,6.653280,6.661280,6.647570,0
USDCNH.,1471933926,6.654010,6.653280,6.661280,6.647570,0
USDCNH.,1471933926,6.654010,6.653280,6.661280,6.647570,0
USDCNH.,1471933927,6.653870,6.653400,6.661280,6.647570,0
USDCNH.,1471933927,6.653870,6.653400,6.661280,6.647570,0
USDCNH.,1471933927,6.653870,6.653400,6.661280,6.647570,0
USDCNH.,1471933927,6.653870,6.653400,6.661280,6.647570,0
USDCNH.,1471933927,6.653870,6.653400,6.661280,6.647570,0
USDCNH.,1471933927,6.653990,6.653400,6.661280,6.647570,0
USDCNH.,1471933927,6.653990,6.653400,6.661280,6.647570,0
USDCNH.,1471933927,6.653990,6.653400,6.661280,6.647570,0
USDCNH.,1471933927,6.653990,6.653400,6.661280,6.647570,0
USDCNH.,1471933927,6.653990,6.653400,6.661280,6.647570,0
USDCNH.,1471933927,6.653900,6.653330,6.661280,6.647570,0
USDCNH.,1471933927,6.653900,6.653330,6.661280,6.647570,0
USDCNH.,1471933927,6.653900,6.653330,6.661280,6.647570,0
USDCNH.,1471933927,6.653900,6.653330,6.661280,6.647570,0
USDCNH.,1471933927,6.653900,6.653330,6.661280,6.647570,0
USDCNH.,1471933927,6.653950,6.653300,6.661280,6.647570,0
USDCNH.,1471933927,6.653950,6.653300,6.661280,6.647570,0
USDCNH.,1471933927,6.653950,6.653300,6.661280,6.647570,0
USDCNH.,1471933927,6.653950,6.653300,6.661280,6.647570,0
USDCNH.,1471933927,6.653950,6.653300,6.661280,6.647570,0
USDCNH.,1471933974,6.653780,6.653300,6.661280,6.647570,0
USDCNH.,1471933974,6.653780,6.653300,6.661280,6.647570,0
USDCNH.,1471933974,6.653780,6.653300,6.661280,6.647570,0
USDCNH.,1471933974,6.653780,6.653300,6.661280,6.647570,0
USDCNH.,1471933974,6.653780,6.653300,6.661280,6.647570,0
USDCNH.,1471933974,6.653990,6.653350,6.661280,6.647570,0
USDCNH.,1471933974,6.653990,6.653350,6.661280,6.647570,0
USDCNH.,1471933974,6.653990,6.653350,6.661280,6.647570,0
USDCNH.,1471933974,6.653990,6.653350,6.661280,6.647570,0
USDCNH.,1471933974,6.653990,6.653350,6.661280,6.647570,0
USDCNH.,1471933974,6.653950,6.653400,6.661280,6.647570,0
USDCNH.,1471933974,6.653950,6.653400,6.661280,6.647570,0
USDCNH.,1471933974,6.653950,6.653400,6.661280,6.647570,0
USDCNH.,1471933974,6.653950,6.653400,6.661280,6.647570,0
USDCNH.,1471933974,6.653950,6.653400,6.661280,6.647570,0
USDCNH.,1471933980,6.653950,6.653300,6.661280,6.647570,0
USDCNH.,1471933980,6.653950,6.653300,6.661280,6.647570,0
USDCNH.,1471933980,6.653950,6.653300,6.661280,6.647570,0
USDCNH.,1471933980,6.653950,6.653300,6.661280,6.647570,0
USDCNH.,1471933980,6.653950,6.653300,6.661280,6.647570,0
USDCNH.,1471933985,6.653780,6.653300,6.661280,6.647570,0
USDCNH.,1471933985,6.653780,6.653300,6.661280,6.647570,0
USDCNH.,1471933985,6.653780,6.653300,6.661280,6.647570,0
USDCNH.,1471933985,6.653780,6.653300,6.661280,6.647570,0
USDCNH.,1471933985,6.653780,6.653300,6.661280,6.647570,0
USDCNH.,1471933986,6.653900,6.653230,6.661280,6.647570,0
USDCNH.,1471933986,6.653900,6.653230,6.661280,6.647570,0
USDCNH.,1471933986,6.653900,6.653230,6.661280,6.647570,0
USDCNH.,1471933986,6.653900,6.653230,6.661280,6.647570,0
USDCNH.,1471933986,6.653900,6.653230,6.661280,6.647570,0
USDCNH.,1471933987,6.653950,6.653300,6.661280,6.647570,0
USDCNH.,1471933987,6.653950,6.653300,6.661280,6.647570,0
USDCNH.,1471933987,6.653950,6.653300,6.661280,6.647570,0
USDCNH.,1471933987,6.653950,6.653300,6.661280,6.647570,0
USDCNH.,1471933987,6.653950,6.653300,6.661280,6.647570,0
USDCNH.,1471933988,6.653900,6.653240,6.661280,6.647570,0
USDCNH.,1471933988,6.653900,6.653240,6.661280,6.647570,0
USDCNH.,1471933988,6.653900,6.653240,6.661280,6.647570,0
USDCNH.,1471933988,6.653900,6.653240,6.661280,6.647570,0
USDCNH.,1471933988,6.653900,6.653240,6.661280,6.647570,0
USDCNH.,1471933989,6.653950,6.653300,6.661280,6.647570,0
USDCNH.,1471933989,6.653950,6.653300,6.661280,6.647570,0
USDCNH.,1471933989,6.653950,6.653300,6.661280,6.647570,0
USDCNH.,1471933989,6.653950,6.653300,6.661280,6.647570,0
USDCNH.,1471933989,6.653950,6.653300,6.661280,6.647570,0
USDCNH.,1471933989,6.653900,6.653240,6.661280,6.647570,0
USDCNH.,1471933989,6.653900,6.653240,6.661280,6.647570,0
USDCNH.,1471933989,6.653900,6.653240,6.661280,6.647570,0
USDCNH.,1471933989,6.653900,6.653240,6.661280,6.647570,0
USDCNH.,1471933989,6.653900,6.653240,6.661280,6.647570,0
USDCNH.,1471934016,6.654300,6.653700,6.661280,6.647570,0
USDCNH.,1471934016,6.654300,6.653700,6.661280,6.647570,0
USDCNH.,1471934016,6.654300,6.653700,6.661280,6.647570,0
USDCNH.,1471934016,6.654300,6.653700,6.661280,6.647570,0
USDCNH.,1471934016,6.654300,6.653700,6.661280,6.647570,0
USDCNH.,1471934018,6.654390,6.653800,6.661280,6.647570,0
USDCNH.,1471934018,6.654390,6.653800,6.661280,6.647570,0
USDCNH.,1471934018,6.654390,6.653800,6.661280,6.647570,0
USDCNH.,1471934018,6.654390,6.653800,6.661280,6.647570,0
USDCNH.,1471934018,6.654390,6.653800,6.661280,6.647570,0
USDCNH.,1471934021,6.654240,6.653800,6.661280,6.647570,0
USDCNH.,1471934021,6.654240,6.653800,6.661280,6.647570,0
USDCNH.,1471934021,6.654240,6.653800,6.661280,6.647570,0
USDCNH.,1471934021,6.654240,6.653800,6.661280,6.647570,0
USDCNH.,1471934021,6.654240,6.653800,6.661280,6.647570,0
USDCNH.,1471934022,6.654400,6.653900,6.661280,6.647570,0
USDCNH.,1471934022,6.654400,6.653900,6.661280,6.647570,0
USDCNH.,1471934022,6.654400,6.653900,6.661280,6.647570,0
USDCNH.,1471934022,6.654400,6.653900,6.661280,6.647570,0
USDCNH.,1471934022,6.654400,6.653900,6.661280,6.647570,0
USDCNH.,1471934073,6.654430,6.653900,6.661280,6.647570,0
USDCNH.,1471934073,6.654430,6.653900,6.661280,6.647570,0
USDCNH.,1471934073,6.654430,6.653900,6.661280,6.647570,0
USDCNH.,1471934073,6.654430,6.653900,6.661280,6.647570,0
USDCNH.,1471934073,6.654430,6.653900,6.661280,6.647570,0
USDCNH.,1471934082,6.654430,6.654000,6.661280,6.647570,0
USDCNH.,1471934082,6.654430,6.654000,6.661280,6.647570,0
USDCNH.,1471934082,6.654430,6.654000,6.661280,6.647570,0
USDCNH.,1471934082,6.654430,6.654000,6.661280,6.647570,0
USDCNH.,1471934082,6.654430,6.654000,6.661280,6.647570,0
USDCNH.,1471934083,6.654500,6.654100,6.661280,6.647570,0
USDCNH.,1471934083,6.654500,6.654100,6.661280,6.647570,0
USDCNH.,1471934083,6.654500,6.654100,6.661280,6.647570,0
USDCNH.,1471934083,6.654500,6.654100,6.661280,6.647570,0
USDCNH.,1471934083,6.654500,6.654100,6.661280,6.647570,0
USDCNH.,1471934084,6.654450,6.654000,6.661280,6.647570,0
USDCNH.,1471934084,6.654450,6.654000,6.661280,6.647570,0
USDCNH.,1471934084,6.654450,6.654000,6.661280,6.647570,0
USDCNH.,1471934084,6.654450,6.654000,6.661280,6.647570,0
USDCNH.,1471934084,6.654450,6.654000,6.661280,6.647570,0
USDCNH.,1471934085,6.654450,6.653900,6.661280,6.647570,0
USDCNH.,1471934085,6.654450,6.653900,6.661280,6.647570,0
USDCNH.,1471934085,6.654450,6.653900,6.661280,6.647570,0
USDCNH.,1471934085,6.654450,6.653900,6.661280,6.647570,0
USDCNH.,1471934085,6.654450,6.653900,6.661280,6.647570,0
USDCNH.,1471934108,6.654500,6.653920,6.661280,6.647570,0
USDCNH.,1471934108,6.654500,6.653920,6.661280,6.647570,0
USDCNH.,1471934108,6.654500,6.653920,6.661280,6.647570,0
USDCNH.,1471934108,6.654500,6.653920,6.661280,6.647570,0
USDCNH.,1471934108,6.654500,6.653920,6.661280,6.647570,0
USDCNH.,1471934108,6.654500,6.654000,6.661280,6.647570,0
USDCNH.,1471934108,6.654500,6.654000,6.661280,6.647570,0
USDCNH.,1471934108,6.654500,6.654000,6.661280,6.647570,0
USDCNH.,1471934108,6.654500,6.654000,6.661280,6.647570,0
USDCNH.,1471934109,6.654500,6.654000,6.661280,6.647570,0
USDCNH.,1471934116,6.654400,6.653890,6.661280,6.647570,0
USDCNH.,1471934116,6.654400,6.653890,6.661280,6.647570,0
USDCNH.,1471934116,6.654400,6.653890,6.661280,6.647570,0
USDCNH.,1471934116,6.654400,6.653890,6.661280,6.647570,0
USDCNH.,1471934116,6.654400,6.653890,6.661280,6.647570,0
USDCNH.,1471934116,6.654360,6.653800,6.661280,6.647570,0
USDCNH.,1471934116,6.654360,6.653800,6.661280,6.647570,0
USDCNH.,1471934116,6.654360,6.653800,6.661280,6.647570,0
USDCNH.,1471934116,6.654360,6.653800,6.661280,6.647570,0
USDCNH.,1471934116,6.654360,6.653800,6.661280,6.647570,0
USDCNH.,1471934116,6.654500,6.653900,6.661280,6.647570,0
USDCNH.,1471934116,6.654500,6.653900,6.661280,6.647570,0
USDCNH.,1471934116,6.654500,6.653900,6.661280,6.647570,0
USDCNH.,1471934116,6.654500,6.653900,6.661280,6.647570,0
USDCNH.,1471934116,6.654500,6.653900,6.661280,6.647570,0
USDCNH.,1471934120,6.654400,6.653880,6.661280,6.647570,0
USDCNH.,1471934120,6.654400,6.653880,6.661280,6.647570,0
USDCNH.,1471934120,6.654400,6.653880,6.661280,6.647570,0
USDCNH.,1471934120,6.654400,6.653880,6.661280,6.647570,0
USDCNH.,1471934120,6.654400,6.653880,6.661280,6.647570,0
USDCNH.,1471934143,6.654500,6.653960,6.661280,6.647570,0
USDCNH.,1471934143,6.654500,6.653960,6.661280,6.647570,0
USDCNH.,1471934143,6.654500,6.653960,6.661280,6.647570,0
USDCNH.,1471934143,6.654500,6.653960,6.661280,6.647570,0
USDCNH.,1471934143,6.654500,6.653960,6.661280,6.647570,0
USDCNH.,1471934158,6.654490,6.653940,6.661280,6.647570,0
USDCNH.,1471934158,6.654490,6.653940,6.661280,6.647570,0
USDCNH.,1471934158,6.654490,6.653940,6.661280,6.647570,0
USDCNH.,1471934158,6.654490,6.653940,6.661280,6.647570,0
USDCNH.,1471934158,6.654490,6.653940,6.661280,6.647570,0
USDCNH.,1471934159,6.654500,6.653960,6.661280,6.647570,0
USDCNH.,1471934159,6.654500,6.653960,6.661280,6.647570,0
USDCNH.,1471934159,6.654500,6.653960,6.661280,6.647570,0
USDCNH.,1471934159,6.654500,6.653960,6.661280,6.647570,0
USDCNH.,1471934159,6.654500,6.653960,6.661280,6.647570,0
USDCNH.,1471934162,6.654580,6.654020,6.661280,6.647570,0
USDCNH.,1471934162,6.654580,6.654020,6.661280,6.647570,0
USDCNH.,1471934162,6.654580,6.654020,6.661280,6.647570,0
USDCNH.,1471934162,6.654580,6.654020,6.661280,6.647570,0
USDCNH.,1471934162,6.654580,6.654020,6.661280,6.647570,0
USDCNH.,1471934162,6.654600,6.654060,6.661280,6.647570,0
USDCNH.,1471934162,6.654600,6.654060,6.661280,6.647570,0
USDCNH.,1471934162,6.654600,6.654060,6.661280,6.647570,0
USDCNH.,1471934162,6.654600,6.654060,6.661280,6.647570,0
USDCNH.,1471934162,6.654600,6.654060,6.661280,6.647570,0
USDCNH.,1471934163,6.654620,6.654100,6.661280,6.647570,0
USDCNH.,1471934163,6.654620,6.654100,6.661280,6.647570,0
USDCNH.,1471934163,6.654620,6.654100,6.661280,6.647570,0
USDCNH.,1471934163,6.654620,6.654100,6.661280,6.647570,0
USDCNH.,1471934163,6.654620,6.654100,6.661280,6.647570,0
USDCNH.,1471934165,6.654600,6.654060,6.661280,6.647570,0
USDCNH.,1471934165,6.654600,6.654060,6.661280,6.647570,0
USDCNH.,1471934165,6.654600,6.654060,6.661280,6.647570,0
USDCNH.,1471934165,6.654600,6.654060,6.661280,6.647570,0
USDCNH.,1471934165,6.654600,6.654060,6.661280,6.647570,0
USDCNH.,1471934172,6.654620,6.654130,6.661280,6.647570,0
USDCNH.,1471934172,6.654620,6.654130,6.661280,6.647570,0
USDCNH.,1471934172,6.654620,6.654130,6.661280,6.647570,0
USDCNH.,1471934172,6.654620,6.654130,6.661280,6.647570,0
USDCNH.,1471934172,6.654620,6.654130,6.661280,6.647570,0
USDCNH.,1471934172,6.654700,6.654180,6.661280,6.647570,0
USDCNH.,1471934172,6.654700,6.654180,6.661280,6.647570,0
USDCNH.,1471934172,6.654700,6.654180,6.661280,6.647570,0
USDCNH.,1471934172,6.654700,6.654180,6.661280,6.647570,0
USDCNH.,1471934172,6.654700,6.654180,6.661280,6.647570,0
USDCNH.,1471934172,6.654670,6.654180,6.661280,6.647570,0
USDCNH.,1471934172,6.654670,6.654180,6.661280,6.647570,0
USDCNH.,1471934172,6.654670,6.654180,6.661280,6.647570,0
USDCNH.,1471934172,6.654670,6.654180,6.661280,6.647570,0
USDCNH.,1471934172,6.654670,6.654180,6.661280,6.647570,0
USDCNH.,1471934175,6.654580,6.654100,6.661280,6.647570,0
USDCNH.,1471934175,6.654580,6.654100,6.661280,6.647570,0
USDCNH.,1471934175,6.654580,6.654100,6.661280,6.647570,0
USDCNH.,1471934175,6.654580,6.654100,6.661280,6.647570,0
USDCNH.,1471934175,6.654580,6.654100,6.661280,6.647570,0
USDCNH.,1471934176,6.654580,6.654020,6.661280,6.647570,0
USDCNH.,1471934176,6.654580,6.654020,6.661280,6.647570,0
USDCNH.,1471934176,6.654580,6.654020,6.661280,6.647570,0
USDCNH.,1471934176,6.654580,6.654020,6.661280,6.647570,0
USDCNH.,1471934176,6.654580,6.654020,6.661280,6.647570,0
USDCNH.,1471934277,6.654930,6.654300,6.661280,6.647570,0
USDCNH.,1471934277,6.654930,6.654300,6.661280,6.647570,0
USDCNH.,1471934277,6.654930,6.654300,6.661280,6.647570,0
USDCNH.,1471934277,6.654930,6.654300,6.661280,6.647570,0
USDCNH.,1471934277,6.654930,6.654300,6.661280,6.647570,0
USDCNH.,1471934325,6.654910,6.654400,6.661280,6.647570,0
USDCNH.,1471934325,6.654910,6.654400,6.661280,6.647570,0
USDCNH.,1471934325,6.654910,6.654400,6.661280,6.647570,0
USDCNH.,1471934325,6.654910,6.654400,6.661280,6.647570,0
USDCNH.,1471934325,6.654910,6.654400,6.661280,6.647570,0
USDCNH.,1471934325,6.654870,6.654400,6.661280,6.647570,0
USDCNH.,1471934325,6.654870,6.654400,6.661280,6.647570,0
USDCNH.,1471934325,6.654870,6.654400,6.661280,6.647570,0
USDCNH.,1471934325,6.654870,6.654400,6.661280,6.647570,0
USDCNH.,1471934325,6.654870,6.654400,6.661280,6.647570,0
USDCNH.,1471934326,6.654870,6.654300,6.661280,6.647570,0
USDCNH.,1471934326,6.654870,6.654300,6.661280,6.647570,0
USDCNH.,1471934326,6.654870,6.654300,6.661280,6.647570,0
USDCNH.,1471934326,6.654870,6.654300,6.661280,6.647570,0
USDCNH.,1471934326,6.654870,6.654300,6.661280,6.647570,0
USDCNH.,1471934377,6.654600,6.654110,6.661280,6.647570,0
USDCNH.,1471934377,6.654600,6.654110,6.661280,6.647570,0
USDCNH.,1471934377,6.654600,6.654110,6.661280,6.647570,0
USDCNH.,1471934377,6.654600,6.654110,6.661280,6.647570,0
USDCNH.,1471934377,6.654600,6.654110,6.661280,6.647570,0
USDCNH.,1471934599,6.654700,6.654100,6.661280,6.647570,0
USDCNH.,1471934599,6.654700,6.654100,6.661280,6.647570,0
USDCNH.,1471934599,6.654700,6.654100,6.661280,6.647570,0
USDCNH.,1471934599,6.654700,6.654100,6.661280,6.647570,0
USDCNH.,1471934599,6.654700,6.654100,6.661280,6.647570,0
USDCNH.,1471934697,6.654730,6.654200,6.661280,6.647570,0
USDCNH.,1471934697,6.654730,6.654200,6.661280,6.647570,0
USDCNH.,1471934697,6.654730,6.654200,6.661280,6.647570,0
USDCNH.,1471934697,6.654730,6.654200,6.661280,6.647570,0
USDCNH.,1471934697,6.654730,6.654200,6.661280,6.647570,0
USDCNH.,1471934748,6.654440,6.653900,6.661280,6.647570,0
USDCNH.,1471934748,6.654440,6.653900,6.661280,6.647570,0
USDCNH.,1471934748,6.654440,6.653900,6.661280,6.647570,0
USDCNH.,1471934748,6.654440,6.653900,6.661280,6.647570,0
USDCNH.,1471934748,6.654440,6.653900,6.661280,6.647570,0
USDCNH.,1471934756,6.654340,6.653900,6.661280,6.647570,0
USDCNH.,1471934756,6.654340,6.653900,6.661280,6.647570,0
USDCNH.,1471934756,6.654340,6.653900,6.661280,6.647570,0
USDCNH.,1471934756,6.654340,6.653900,6.661280,6.647570,0
USDCNH.,1471934756,6.654340,6.653900,6.661280,6.647570,0
USDCNH.,1471934758,6.654340,6.653800,6.661280,6.647570,0
USDCNH.,1471934758,6.654340,6.653800,6.661280,6.647570,0
USDCNH.,1471934758,6.654340,6.653800,6.661280,6.647570,0
USDCNH.,1471934758,6.654340,6.653800,6.661280,6.647570,0
USDCNH.,1471934758,6.654340,6.653800,6.661280,6.647570,0
USDCNH.,1471934760,6.654340,6.653900,6.661280,6.647570,0
USDCNH.,1471934760,6.654340,6.653900,6.661280,6.647570,0
USDCNH.,1471934760,6.654340,6.653900,6.661280,6.647570,0
USDCNH.,1471934760,6.654340,6.653900,6.661280,6.647570,0
USDCNH.,1471934760,6.654340,6.653900,6.661280,6.647570,0
USDCNH.,1471934760,6.654340,6.653800,6.661280,6.647570,0
USDCNH.,1471934760,6.654340,6.653800,6.661280,6.647570,0
USDCNH.,1471934760,6.654340,6.653800,6.661280,6.647570,0
USDCNH.,1471934760,6.654340,6.653800,6.661280,6.647570,0
USDCNH.,1471934760,6.654340,6.653800,6.661280,6.647570,0
USDCNH.,1471934762,6.654340,6.653900,6.661280,6.647570,0
USDCNH.,1471934762,6.654340,6.653900,6.661280,6.647570,0
USDCNH.,1471934762,6.654340,6.653900,6.661280,6.647570,0
USDCNH.,1471934762,6.654340,6.653900,6.661280,6.647570,0
USDCNH.,1471934762,6.654340,6.653900,6.661280,6.647570,0
USDCNH.,1471934762,6.654340,6.653800,6.661280,6.647570,0
USDCNH.,1471934762,6.654340,6.653800,6.661280,6.647570,0
USDCNH.,1471934762,6.654340,6.653800,6.661280,6.647570,0
USDCNH.,1471934762,6.654340,6.653800,6.661280,6.647570,0
USDCNH.,1471934762,6.654340,6.653800,6.661280,6.647570,0
USDCNH.,1471934769,6.654300,6.653800,6.661280,6.647570,0
USDCNH.,1471934769,6.654300,6.653800,6.661280,6.647570,0
USDCNH.,1471934769,6.654300,6.653800,6.661280,6.647570,0
USDCNH.,1471934769,6.654300,6.653800,6.661280,6.647570,0
USDCNH.,1471934769,6.654300,6.653800,6.661280,6.647570,0
USDCNH.,1471934780,6.654300,6.653760,6.661280,6.647570,0
USDCNH.,1471934781,6.654300,6.653760,6.661280,6.647570,0
USDCNH.,1471934781,6.654300,6.653760,6.661280,6.647570,0
USDCNH.,1471934781,6.654300,6.653760,6.661280,6.647570,0
USDCNH.,1471934781,6.654300,6.653760,6.661280,6.647570,0
USDCNH.,1471934781,6.654290,6.653750,6.661280,6.647570,0
USDCNH.,1471934781,6.654290,6.653750,6.661280,6.647570,0
USDCNH.,1471934781,6.654290,6.653750,6.661280,6.647570,0
USDCNH.,1471934781,6.654290,6.653750,6.661280,6.647570,0
USDCNH.,1471934781,6.654290,6.653750,6.661280,6.647570,0
USDCNH.,1471934781,6.654290,6.653800,6.661280,6.647570,0
USDCNH.,1471934781,6.654290,6.653800,6.661280,6.647570,0
USDCNH.,1471934781,6.654290,6.653800,6.661280,6.647570,0
USDCNH.,1471934781,6.654290,6.653800,6.661280,6.647570,0
USDCNH.,1471934781,6.654290,6.653800,6.661280,6.647570,0
USDCNH.,1471934799,6.654420,6.653900,6.661280,6.647570,0
USDCNH.,1471934799,6.654420,6.653900,6.661280,6.647570,0
USDCNH.,1471934799,6.654420,6.653900,6.661280,6.647570,0
USDCNH.,1471934799,6.654420,6.653900,6.661280,6.647570,0
USDCNH.,1471934799,6.654420,6.653900,6.661280,6.647570,0
USDCNH.,1471934799,6.654490,6.653900,6.661280,6.647570,0
USDCNH.,1471934799,6.654490,6.653900,6.661280,6.647570,0
USDCNH.,1471934799,6.654490,6.653900,6.661280,6.647570,0
USDCNH.,1471934799,6.654490,6.653900,6.661280,6.647570,0
USDCNH.,1471934799,6.654490,6.653900,6.661280,6.647570,0
USDCNH.,1471934800,6.654490,6.654000,6.661280,6.647570,0
USDCNH.,1471934800,6.654490,6.654000,6.661280,6.647570,0
USDCNH.,1471934800,6.654490,6.654000,6.661280,6.647570,0
USDCNH.,1471934800,6.654490,6.654000,6.661280,6.647570,0
USDCNH.,1471934800,6.654490,6.654000,6.661280,6.647570,0
USDCNH.,1471934811,6.654520,6.654100,6.661280,6.647570,0
USDCNH.,1471934811,6.654520,6.654100,6.661280,6.647570,0
USDCNH.,1471934811,6.654520,6.654100,6.661280,6.647570,0
USDCNH.,1471934811,6.654520,6.654100,6.661280,6.647570,0
USDCNH.,1471934811,6.654520,6.654100,6.661280,6.647570,0
USDCNH.,1471934812,6.654520,6.654000,6.661280,6.647570,0
USDCNH.,1471934812,6.654520,6.654000,6.661280,6.647570,0
USDCNH.,1471934812,6.654520,6.654000,6.661280,6.647570,0
USDCNH.,1471934812,6.654520,6.654000,6.661280,6.647570,0
USDCNH.,1471934812,6.654520,6.654000,6.661280,6.647570,0
USDCNH.,1471934824,6.654610,6.654100,6.661280,6.647570,0
USDCNH.,1471934824,6.654610,6.654100,6.661280,6.647570,0
USDCNH.,1471934824,6.654610,6.654100,6.661280,6.647570,0
USDCNH.,1471934824,6.654610,6.654100,6.661280,6.647570,0
USDCNH.,1471934824,6.654610,6.654100,6.661280,6.647570,0
USDCNH.,1471934824,6.654630,6.654100,6.661280,6.647570,0
USDCNH.,1471934824,6.654630,6.654100,6.661280,6.647570,0
USDCNH.,1471934824,6.654630,6.654100,6.661280,6.647570,0
USDCNH.,1471934824,6.654630,6.654100,6.661280,6.647570,0
USDCNH.,1471934824,6.654630,6.654100,6.661280,6.647570,0
USDCNH.,1471934825,6.654660,6.654100,6.661280,6.647570,0
USDCNH.,1471934825,6.654660,6.654100,6.661280,6.647570,0
USDCNH.,1471934825,6.654660,6.654100,6.661280,6.647570,0
USDCNH.,1471934825,6.654660,6.654100,6.661280,6.647570,0
USDCNH.,1471934825,6.654660,6.654100,6.661280,6.647570,0
USDCNH.,1471934848,6.654660,6.654200,6.661280,6.647570,0
USDCNH.,1471934848,6.654660,6.654200,6.661280,6.647570,0
USDCNH.,1471934848,6.654660,6.654200,6.661280,6.647570,0
USDCNH.,1471934848,6.654660,6.654200,6.661280,6.647570,0
USDCNH.,1471934848,6.654660,6.654200,6.661280,6.647570,0
USDCNH.,1471934850,6.654680,6.654200,6.661280,6.647570,0
USDCNH.,1471934850,6.654680,6.654200,6.661280,6.647570,0
USDCNH.,1471934850,6.654680,6.654200,6.661280,6.647570,0
USDCNH.,1471934850,6.654680,6.654200,6.661280,6.647570,0
USDCNH.,1471934850,6.654680,6.654200,6.661280,6.647570,0
USDCNH.,1471934864,6.654670,6.654100,6.661280,6.647570,0
USDCNH.,1471934864,6.654670,6.654100,6.661280,6.647570,0
USDCNH.,1471934864,6.654670,6.654100,6.661280,6.647570,0
USDCNH.,1471934864,6.654670,6.654100,6.661280,6.647570,0
USDCNH.,1471934864,6.654670,6.654100,6.661280,6.647570,0
USDCNH.,1471934865,6.654670,6.654200,6.661280,6.647570,0
USDCNH.,1471934865,6.654670,6.654200,6.661280,6.647570,0
USDCNH.,1471934865,6.654670,6.654200,6.661280,6.647570,0
USDCNH.,1471934865,6.654670,6.654200,6.661280,6.647570,0
USDCNH.,1471934865,6.654670,6.654200,6.661280,6.647570,0
USDCNH.,1471934865,6.654630,6.654200,6.661280,6.647570,0
USDCNH.,1471934865,6.654630,6.654200,6.661280,6.647570,0
USDCNH.,1471934865,6.654630,6.654200,6.661280,6.647570,0
USDCNH.,1471934865,6.654630,6.654200,6.661280,6.647570,0
USDCNH.,1471934865,6.654630,6.654200,6.661280,6.647570,0
USDCNH.,1471934865,6.654630,6.654100,6.661280,6.647570,0
USDCNH.,1471934865,6.654630,6.654100,6.661280,6.647570,0
USDCNH.,1471934865,6.654630,6.654100,6.661280,6.647570,0
USDCNH.,1471934865,6.654630,6.654100,6.661280,6.647570,0
USDCNH.,1471934865,6.654630,6.654100,6.661280,6.647570,0
USDCNH.,1471934865,6.654630,6.654200,6.661280,6.647570,0
USDCNH.,1471934865,6.654630,6.654200,6.661280,6.647570,0
USDCNH.,1471934865,6.654630,6.654200,6.661280,6.647570,0
USDCNH.,1471934865,6.654630,6.654200,6.661280,6.647570,0
USDCNH.,1471934865,6.654630,6.654200,6.661280,6.647570,0
USDCNH.,1471934865,6.654630,6.654100,6.661280,6.647570,0
USDCNH.,1471934865,6.654630,6.654100,6.661280,6.647570,0
USDCNH.,1471934865,6.654630,6.654100,6.661280,6.647570,0
USDCNH.,1471934865,6.654630,6.654100,6.661280,6.647570,0
USDCNH.,1471934865,6.654630,6.654100,6.661280,6.647570,0
USDCNH.,1471934866,6.654630,6.654200,6.661280,6.647570,0
USDCNH.,1471934866,6.654630,6.654200,6.661280,6.647570,0
USDCNH.,1471934866,6.654630,6.654200,6.661280,6.647570,0
USDCNH.,1471934866,6.654630,6.654200,6.661280,6.647570,0
USDCNH.,1471934866,6.654630,6.654200,6.661280,6.647570,0
USDCNH.,1471934896,6.654620,6.654100,6.661280,6.647570,0
USDCNH.,1471934896,6.654620,6.654100,6.661280,6.647570,0
USDCNH.,1471934896,6.654620,6.654100,6.661280,6.647570,0
USDCNH.,1471934896,6.654620,6.654100,6.661280,6.647570,0
USDCNH.,1471934896,6.654620,6.654100,6.661280,6.647570,0
USDCNH.,1471934897,6.654600,6.654100,6.661280,6.647570,0
USDCNH.,1471934897,6.654600,6.654100,6.661280,6.647570,0
USDCNH.,1471934897,6.654600,6.654100,6.661280,6.647570,0
USDCNH.,1471934897,6.654600,6.654100,6.661280,6.647570,0
USDCNH.,1471934897,6.654600,6.654100,6.661280,6.647570,0
USDCNH.,1471934992,6.654370,6.653800,6.661280,6.647570,0
USDCNH.,1471934992,6.654370,6.653800,6.661280,6.647570,0
USDCNH.,1471934992,6.654370,6.653800,6.661280,6.647570,0
USDCNH.,1471934992,6.654370,6.653800,6.661280,6.647570,0
USDCNH.,1471934992,6.654370,6.653800,6.661280,6.647570,0
USDCNH.,1471934992,6.654370,6.653900,6.661280,6.647570,0
USDCNH.,1471934992,6.654370,6.653900,6.661280,6.647570,0
USDCNH.,1471934992,6.654370,6.653900,6.661280,6.647570,0
USDCNH.,1471934992,6.654370,6.653900,6.661280,6.647570,0
USDCNH.,1471934992,6.654370,6.653900,6.661280,6.647570,0
USDCNH.,1471934992,6.654370,6.653800,6.661280,6.647570,0
USDCNH.,1471934992,6.654370,6.653800,6.661280,6.647570,0
USDCNH.,1471934992,6.654370,6.653800,6.661280,6.647570,0
USDCNH.,1471934992,6.654370,6.653800,6.661280,6.647570,0
USDCNH.,1471934992,6.654370,6.653800,6.661280,6.647570,0
USDCNH.,1471934993,6.654370,6.653900,6.661280,6.647570,0
USDCNH.,1471934993,6.654370,6.653900,6.661280,6.647570,0
USDCNH.,1471934993,6.654370,6.653900,6.661280,6.647570,0
USDCNH.,1471934993,6.654370,6.653900,6.661280,6.647570,0
USDCNH.,1471934993,6.654370,6.653900,6.661280,6.647570,0
USDCNH.,1471935014,6.654370,6.653800,6.661280,6.647570,0
USDCNH.,1471935014,6.654370,6.653800,6.661280,6.647570,0
USDCNH.,1471935014,6.654370,6.653800,6.661280,6.647570,0
USDCNH.,1471935014,6.654370,6.653800,6.661280,6.647570,0
USDCNH.,1471935014,6.654370,6.653800,6.661280,6.647570,0
USDCNH.,1471935015,6.654370,6.653900,6.661280,6.647570,0
USDCNH.,1471935015,6.654370,6.653900,6.661280,6.647570,0
USDCNH.,1471935015,6.654370,6.653900,6.661280,6.647570,0
USDCNH.,1471935015,6.654370,6.653900,6.661280,6.647570,0
USDCNH.,1471935015,6.654370,6.653900,6.661280,6.647570,0
USDCNH.,1471935066,6.654390,6.653840,6.661280,6.647570,0
USDCNH.,1471935066,6.654390,6.653840,6.661280,6.647570,0
USDCNH.,1471935066,6.654390,6.653840,6.661280,6.647570,0
USDCNH.,1471935066,6.654390,6.653840,6.661280,6.647570,0
USDCNH.,1471935066,6.654390,6.653840,6.661280,6.647570,0
USDCNH.,1471935094,6.654350,6.653800,6.661280,6.647570,0
USDCNH.,1471935094,6.654350,6.653800,6.661280,6.647570,0
USDCNH.,1471935094,6.654350,6.653800,6.661280,6.647570,0
USDCNH.,1471935094,6.654350,6.653800,6.661280,6.647570,0
USDCNH.,1471935094,6.654350,6.653800,6.661280,6.647570,0
USDCNH.,1471935104,6.654300,6.653790,6.661280,6.647570,0
USDCNH.,1471935105,6.654300,6.653790,6.661280,6.647570,0
USDCNH.,1471935105,6.654300,6.653790,6.661280,6.647570,0
USDCNH.,1471935105,6.654300,6.653790,6.661280,6.647570,0
USDCNH.,1471935105,6.654300,6.653790,6.661280,6.647570,0
USDCNH.,1471935107,6.654350,6.653800,6.661280,6.647570,0
USDCNH.,1471935107,6.654350,6.653800,6.661280,6.647570,0
USDCNH.,1471935107,6.654350,6.653800,6.661280,6.647570,0
USDCNH.,1471935107,6.654350,6.653800,6.661280,6.647570,0
USDCNH.,1471935107,6.654350,6.653800,6.661280,6.647570,0
USDCNH.,1471935109,6.654300,6.653790,6.661280,6.647570,0
USDCNH.,1471935109,6.654300,6.653790,6.661280,6.647570,0
USDCNH.,1471935109,6.654300,6.653790,6.661280,6.647570,0
USDCNH.,1471935109,6.654300,6.653790,6.661280,6.647570,0
USDCNH.,1471935109,6.654300,6.653790,6.661280,6.647570,0
USDCNH.,1471935110,6.654350,6.653800,6.661280,6.647570,0
USDCNH.,1471935110,6.654350,6.653800,6.661280,6.647570,0
USDCNH.,1471935110,6.654350,6.653800,6.661280,6.647570,0
USDCNH.,1471935110,6.654350,6.653800,6.661280,6.647570,0
USDCNH.,1471935110,6.654350,6.653800,6.661280,6.647570,0
USDCNH.,1471935111,6.654300,6.653790,6.661280,6.647570,0
USDCNH.,1471935111,6.654300,6.653790,6.661280,6.647570,0
USDCNH.,1471935111,6.654300,6.653790,6.661280,6.647570,0
USDCNH.,1471935111,6.654300,6.653790,6.661280,6.647570,0
USDCNH.,1471935111,6.654300,6.653790,6.661280,6.647570,0
USDCNH.,1471935111,6.654350,6.653800,6.661280,6.647570,0
USDCNH.,1471935111,6.654350,6.653800,6.661280,6.647570,0
USDCNH.,1471935111,6.654350,6.653800,6.661280,6.647570,0
USDCNH.,1471935111,6.654350,6.653800,6.661280,6.647570,0
USDCNH.,1471935111,6.654350,6.653800,6.661280,6.647570,0
USDCNH.,1471935120,6.654450,6.653900,6.661280,6.647570,0
USDCNH.,1471935120,6.654450,6.653900,6.661280,6.647570,0
USDCNH.,1471935120,6.654450,6.653900,6.661280,6.647570,0
USDCNH.,1471935120,6.654450,6.653900,6.661280,6.647570,0
USDCNH.,1471935120,6.654450,6.653900,6.661280,6.647570,0
USDCNH.,1471935120,6.654450,6.654000,6.661280,6.647570,0
USDCNH.,1471935120,6.654450,6.654000,6.661280,6.647570,0
USDCNH.,1471935120,6.654450,6.654000,6.661280,6.647570,0
USDCNH.,1471935120,6.654450,6.654000,6.661280,6.647570,0
USDCNH.,1471935120,6.654450,6.654000,6.661280,6.647570,0
USDCNH.,1471935120,6.654450,6.653900,6.661280,6.647570,0
USDCNH.,1471935120,6.654450,6.653900,6.661280,6.647570,0
USDCNH.,1471935120,6.654450,6.653900,6.661280,6.647570,0
USDCNH.,1471935120,6.654450,6.653900,6.661280,6.647570,0
USDCNH.,1471935120,6.654450,6.653900,6.661280,6.647570,0
USDCNH.,1471935120,6.654450,6.654000,6.661280,6.647570,0
USDCNH.,1471935120,6.654450,6.654000,6.661280,6.647570,0
USDCNH.,1471935120,6.654450,6.654000,6.661280,6.647570,0
USDCNH.,1471935120,6.654450,6.654000,6.661280,6.647570,0
USDCNH.,1471935120,6.654450,6.654000,6.661280,6.647570,0
USDCNH.,1471935242,6.654300,6.653900,6.661280,6.647570,0
USDCNH.,1471935242,6.654300,6.653900,6.661280,6.647570,0
USDCNH.,1471935242,6.654300,6.653900,6.661280,6.647570,0
USDCNH.,1471935242,6.654300,6.653900,6.661280,6.647570,0
USDCNH.,1471935242,6.654300,6.653900,6.661280,6.647570,0
USDCNH.,1471935249,6.654400,6.653900,6.661280,6.647570,0
USDCNH.,1471935249,6.654400,6.653900,6.661280,6.647570,0
USDCNH.,1471935249,6.654400,6.653900,6.661280,6.647570,0
USDCNH.,1471935249,6.654400,6.653900,6.661280,6.647570,0
USDCNH.,1471935249,6.654400,6.653900,6.661280,6.647570,0
USDCNH.,1471935251,6.654300,6.653900,6.661280,6.647570,0
USDCNH.,1471935251,6.654300,6.653900,6.661280,6.647570,0
USDCNH.,1471935251,6.654300,6.653900,6.661280,6.647570,0
USDCNH.,1471935251,6.654300,6.653900,6.661280,6.647570,0
USDCNH.,1471935251,6.654300,6.653900,6.661280,6.647570,0
USDCNH.,1471935282,6.654300,6.653910,6.661280,6.647570,0
USDCNH.,1471935282,6.654300,6.653910,6.661280,6.647570,0
USDCNH.,1471935282,6.654300,6.653910,6.661280,6.647570,0
USDCNH.,1471935282,6.654300,6.653910,6.661280,6.647570,0
USDCNH.,1471935282,6.654300,6.653910,6.661280,6.647570,0
USDCNH.,1471935330,6.655000,6.654390,6.661280,6.647570,0
USDCNH.,1471935330,6.655000,6.654390,6.661280,6.647570,0
USDCNH.,1471935330,6.655000,6.654390,6.661280,6.647570,0
USDCNH.,1471935330,6.655000,6.654390,6.661280,6.647570,0
USDCNH.,1471935330,6.655000,6.654390,6.661280,6.647570,0
USDCNH.,1471935330,6.654900,6.654360,6.661280,6.647570,0
USDCNH.,1471935330,6.654900,6.654360,6.661280,6.647570,0
USDCNH.,1471935330,6.654900,6.654360,6.661280,6.647570,0
USDCNH.,1471935330,6.654900,6.654360,6.661280,6.647570,0
USDCNH.,1471935330,6.654900,6.654360,6.661280,6.647570,0
USDCNH.,1471935364,6.654800,6.654360,6.661280,6.647570,0
USDCNH.,1471935364,6.654800,6.654360,6.661280,6.647570,0
USDCNH.,1471935364,6.654800,6.654360,6.661280,6.647570,0
USDCNH.,1471935364,6.654800,6.654360,6.661280,6.647570,0
USDCNH.,1471935364,6.654800,6.654360,6.661280,6.647570,0
USDCNH.,1471935382,6.654900,6.654360,6.661280,6.647570,0
USDCNH.,1471935382,6.654900,6.654360,6.661280,6.647570,0
USDCNH.,1471935382,6.654900,6.654360,6.661280,6.647570,0
USDCNH.,1471935382,6.654900,6.654360,6.661280,6.647570,0
USDCNH.,1471935382,6.654900,6.654360,6.661280,6.647570,0
USDCNH.,1471935386,6.654800,6.654360,6.661280,6.647570,0
USDCNH.,1471935386,6.654800,6.654360,6.661280,6.647570,0
USDCNH.,1471935386,6.654800,6.654360,6.661280,6.647570,0
USDCNH.,1471935386,6.654800,6.654360,6.661280,6.647570,0
USDCNH.,1471935386,6.654800,6.654360,6.661280,6.647570,0
USDCNH.,1471935386,6.654800,6.654330,6.661280,6.647570,0
USDCNH.,1471935386,6.654800,6.654330,6.661280,6.647570,0
USDCNH.,1471935386,6.654800,6.654330,6.661280,6.647570,0
USDCNH.,1471935386,6.654800,6.654330,6.661280,6.647570,0
USDCNH.,1471935386,6.654800,6.654330,6.661280,6.647570,0
USDCNH.,1471935387,6.654800,6.654350,6.661280,6.647570,0
USDCNH.,1471935387,6.654800,6.654350,6.661280,6.647570,0
USDCNH.,1471935387,6.654800,6.654350,6.661280,6.647570,0
USDCNH.,1471935387,6.654800,6.654350,6.661280,6.647570,0
USDCNH.,1471935387,6.654800,6.654350,6.661280,6.647570,0
USDCNH.,1471935387,6.654900,6.654350,6.661280,6.647570,0
USDCNH.,1471935387,6.654900,6.654350,6.661280,6.647570,0
USDCNH.,1471935387,6.654900,6.654350,6.661280,6.647570,0
USDCNH.,1471935387,6.654900,6.654350,6.661280,6.647570,0
USDCNH.,1471935387,6.654900,6.654350,6.661280,6.647570,0
USDCNH.,1471935526,6.654730,6.654400,6.661280,6.647570,0
USDCNH.,1471935526,6.654730,6.654400,6.661280,6.647570,0
USDCNH.,1471935526,6.654730,6.654400,6.661280,6.647570,0
USDCNH.,1471935526,6.654730,6.654400,6.661280,6.647570,0
USDCNH.,1471935526,6.654730,6.654400,6.661280,6.647570,0
USDCNH.,1471935528,6.654780,6.654400,6.661280,6.647570,0
USDCNH.,1471935528,6.654780,6.654400,6.661280,6.647570,0
USDCNH.,1471935528,6.654780,6.654400,6.661280,6.647570,0
USDCNH.,1471935528,6.654780,6.654400,6.661280,6.647570,0
USDCNH.,1471935528,6.654780,6.654400,6.661280,6.647570,0
USDCNH.,1471935529,6.654920,6.654600,6.661280,6.647570,0
USDCNH.,1471935529,6.654920,6.654600,6.661280,6.647570,0
USDCNH.,1471935529,6.654920,6.654600,6.661280,6.647570,0
USDCNH.,1471935529,6.654920,6.654600,6.661280,6.647570,0
USDCNH.,1471935529,6.654920,6.654600,6.661280,6.647570,0
USDCNH.,1471935533,6.654920,6.654500,6.661280,6.647570,0
USDCNH.,1471935533,6.654920,6.654500,6.661280,6.647570,0
USDCNH.,1471935533,6.654920,6.654500,6.661280,6.647570,0
USDCNH.,1471935533,6.654920,6.654500,6.661280,6.647570,0
USDCNH.,1471935533,6.654920,6.654500,6.661280,6.647570,0
USDCNH.,1471935537,6.654940,6.654500,6.661280,6.647570,0
USDCNH.,1471935537,6.654940,6.654500,6.661280,6.647570,0
USDCNH.,1471935537,6.654940,6.654500,6.661280,6.647570,0
USDCNH.,1471935537,6.654940,6.654500,6.661280,6.647570,0
USDCNH.,1471935537,6.654940,6.654500,6.661280,6.647570,0
USDCNH.,1471935552,6.655000,6.654700,6.661280,6.647570,0
USDCNH.,1471935552,6.655000,6.654700,6.661280,6.647570,0
USDCNH.,1471935552,6.655000,6.654700,6.661280,6.647570,0
USDCNH.,1471935552,6.655000,6.654700,6.661280,6.647570,0
USDCNH.,1471935552,6.655000,6.654700,6.661280,6.647570,0
USDCNH.,1471935553,6.655040,6.654700,6.661280,6.647570,0
USDCNH.,1471935553,6.655040,6.654700,6.661280,6.647570,0
USDCNH.,1471935553,6.655040,6.654700,6.661280,6.647570,0
USDCNH.,1471935553,6.655040,6.654700,6.661280,6.647570,0
USDCNH.,1471935553,6.655040,6.654700,6.661280,6.647570,0
USDCNH.,1471935554,6.655070,6.654700,6.661280,6.647570,0
USDCNH.,1471935554,6.655070,6.654700,6.661280,6.647570,0
USDCNH.,1471935554,6.655070,6.654700,6.661280,6.647570,0
USDCNH.,1471935554,6.655070,6.654700,6.661280,6.647570,0
USDCNH.,1471935554,6.655070,6.654700,6.661280,6.647570,0
USDCNH.,1471935577,6.655140,6.654800,6.661280,6.647570,0
USDCNH.,1471935577,6.655140,6.654800,6.661280,6.647570,0
USDCNH.,1471935577,6.655140,6.654800,6.661280,6.647570,0
USDCNH.,1471935577,6.655140,6.654800,6.661280,6.647570,0
USDCNH.,1471935577,6.655140,6.654800,6.661280,6.647570,0
USDCNH.,1471935581,6.655320,6.654800,6.661280,6.647570,0
USDCNH.,1471935581,6.655320,6.654800,6.661280,6.647570,0
USDCNH.,1471935581,6.655320,6.654800,6.661280,6.647570,0
USDCNH.,1471935581,6.655320,6.654800,6.661280,6.647570,0
USDCNH.,1471935581,6.655320,6.654800,6.661280,6.647570,0
USDCNH.,1471935585,6.655570,6.655000,6.661280,6.647570,0
USDCNH.,1471935585,6.655570,6.655000,6.661280,6.647570,0
USDCNH.,1471935585,6.655570,6.655000,6.661280,6.647570,0
USDCNH.,1471935585,6.655570,6.655000,6.661280,6.647570,0
USDCNH.,1471935585,6.655570,6.655000,6.661280,6.647570,0
USDCNH.,1471935588,6.655640,6.655000,6.661280,6.647570,0
USDCNH.,1471935588,6.655640,6.655000,6.661280,6.647570,0
USDCNH.,1471935588,6.655640,6.655000,6.661280,6.647570,0
USDCNH.,1471935588,6.655640,6.655000,6.661280,6.647570,0
USDCNH.,1471935588,6.655640,6.655000,6.661280,6.647570,0
USDCNH.,1471935611,6.655640,6.654900,6.661280,6.647570,0
USDCNH.,1471935611,6.655640,6.654900,6.661280,6.647570,0
USDCNH.,1471935611,6.655640,6.654900,6.661280,6.647570,0
USDCNH.,1471935611,6.655640,6.654900,6.661280,6.647570,0
USDCNH.,1471935611,6.655640,6.654900,6.661280,6.647570,0
USDCNH.,1471935629,6.655160,6.654550,6.661280,6.647570,0
USDCNH.,1471935629,6.655160,6.654550,6.661280,6.647570,0
USDCNH.,1471935629,6.655160,6.654550,6.661280,6.647570,0
USDCNH.,1471935629,6.655160,6.654550,6.661280,6.647570,0
USDCNH.,1471935629,6.655160,6.654550,6.661280,6.647570,0
USDCNH.,1471935633,6.655130,6.654390,6.661280,6.647570,0
USDCNH.,1471935633,6.655130,6.654390,6.661280,6.647570,0
USDCNH.,1471935633,6.655130,6.654390,6.661280,6.647570,0
USDCNH.,1471935633,6.655130,6.654390,6.661280,6.647570,0
USDCNH.,1471935633,6.655130,6.654390,6.661280,6.647570,0
USDCNH.,1471935633,6.655070,6.654380,6.661280,6.647570,0
USDCNH.,1471935633,6.655070,6.654380,6.661280,6.647570,0
USDCNH.,1471935633,6.655070,6.654380,6.661280,6.647570,0
USDCNH.,1471935633,6.655070,6.654380,6.661280,6.647570,0
USDCNH.,1471935633,6.655070,6.654380,6.661280,6.647570,0
USDCNH.,1471935633,6.655050,6.654370,6.661280,6.647570,0
USDCNH.,1471935633,6.655050,6.654370,6.661280,6.647570,0
USDCNH.,1471935633,6.655050,6.654370,6.661280,6.647570,0
USDCNH.,1471935633,6.655050,6.654370,6.661280,6.647570,0
USDCNH.,1471935633,6.655050,6.654370,6.661280,6.647570,0
USDCNH.,1471935776,6.654810,6.654100,6.661280,6.647570,0
USDCNH.,1471935776,6.654810,6.654100,6.661280,6.647570,0
USDCNH.,1471935776,6.654810,6.654100,6.661280,6.647570,0
USDCNH.,1471935776,6.654810,6.654100,6.661280,6.647570,0
USDCNH.,1471935776,6.654810,6.654100,6.661280,6.647570,0
USDCNH.,1471935879,6.654670,6.654030,6.661280,6.647570,0
USDCNH.,1471935879,6.654670,6.654030,6.661280,6.647570,0
USDCNH.,1471935879,6.654670,6.654030,6.661280,6.647570,0
USDCNH.,1471935879,6.654670,6.654030,6.661280,6.647570,0
USDCNH.,1471935879,6.654670,6.654030,6.661280,6.647570,0
USDCNH.,1471935978,6.654600,6.654030,6.661280,6.647570,0
USDCNH.,1471935978,6.654600,6.654030,6.661280,6.647570,0
USDCNH.,1471935978,6.654600,6.654030,6.661280,6.647570,0
USDCNH.,1471935978,6.654600,6.654030,6.661280,6.647570,0
USDCNH.,1471935978,6.654600,6.654030,6.661280,6.647570,0
USDCNH.,1471936514,6.654500,6.653910,6.661280,6.647570,0
USDCNH.,1471936514,6.654500,6.653910,6.661280,6.647570,0
USDCNH.,1471936514,6.654500,6.653910,6.661280,6.647570,0
USDCNH.,1471936514,6.654500,6.653910,6.661280,6.647570,0
USDCNH.,1471936514,6.654500,6.653910,6.661280,6.647570,0
USDCNH.,1471936645,6.654400,6.653830,6.661280,6.647570,0
USDCNH.,1471936645,6.654400,6.653830,6.661280,6.647570,0
USDCNH.,1471936645,6.654400,6.653830,6.661280,6.647570,0
USDCNH.,1471936645,6.654400,6.653830,6.661280,6.647570,0
USDCNH.,1471936645,6.654400,6.653830,6.661280,6.647570,0
USDCNH.,1471936661,6.654300,6.653820,6.661280,6.647570,0
USDCNH.,1471936661,6.654300,6.653820,6.661280,6.647570,0
USDCNH.,1471936661,6.654300,6.653820,6.661280,6.647570,0
USDCNH.,1471936661,6.654300,6.653820,6.661280,6.647570,0
USDCNH.,1471936661,6.654300,6.653820,6.661280,6.647570,0
USDCNH.,1471936664,6.654300,6.653790,6.661280,6.647570,0
USDCNH.,1471936664,6.654300,6.653790,6.661280,6.647570,0
USDCNH.,1471936664,6.654300,6.653790,6.661280,6.647570,0
USDCNH.,1471936664,6.654300,6.653790,6.661280,6.647570,0
USDCNH.,1471936664,6.654300,6.653790,6.661280,6.647570,0
USDCNH.,1471936666,6.654200,6.653720,6.661280,6.647570,0
USDCNH.,1471936667,6.654200,6.653720,6.661280,6.647570,0
USDCNH.,1471936667,6.654200,6.653720,6.661280,6.647570,0
USDCNH.,1471936667,6.654200,6.653720,6.661280,6.647570,0
USDCNH.,1471936667,6.654200,6.653720,6.661280,6.647570,0
USDCNH.,1471936668,6.654200,6.653690,6.661280,6.647570,0
USDCNH.,1471936668,6.654200,6.653690,6.661280,6.647570,0
USDCNH.,1471936668,6.654200,6.653690,6.661280,6.647570,0
USDCNH.,1471936668,6.654200,6.653690,6.661280,6.647570,0
USDCNH.,1471936668,6.654200,6.653690,6.661280,6.647570,0
USDCNH.,1471936710,6.654300,6.653700,6.661280,6.647570,0
USDCNH.,1471936710,6.654300,6.653700,6.661280,6.647570,0
USDCNH.,1471936710,6.654300,6.653700,6.661280,6.647570,0
USDCNH.,1471936710,6.654300,6.653700,6.661280,6.647570,0
USDCNH.,1471936710,6.654300,6.653700,6.661280,6.647570,0
USDCNH.,1471936783,6.653560,6.652900,6.661280,6.647570,0
USDCNH.,1471936783,6.653560,6.652900,6.661280,6.647570,0
USDCNH.,1471936783,6.653560,6.652900,6.661280,6.647570,0
USDCNH.,1471936783,6.653560,6.652900,6.661280,6.647570,0
USDCNH.,1471936783,6.653560,6.652900,6.661280,6.647570,0
USDCNH.,1471936789,6.653560,6.653000,6.661280,6.647570,0
USDCNH.,1471936789,6.653560,6.653000,6.661280,6.647570,0
USDCNH.,1471936789,6.653560,6.653000,6.661280,6.647570,0
USDCNH.,1471936789,6.653560,6.653000,6.661280,6.647570,0
USDCNH.,1471936789,6.653560,6.653000,6.661280,6.647570,0
USDCNH.,1471936794,6.653560,6.652910,6.661280,6.647570,0
USDCNH.,1471936794,6.653560,6.652910,6.661280,6.647570,0
USDCNH.,1471936794,6.653560,6.652910,6.661280,6.647570,0
USDCNH.,1471936794,6.653560,6.652910,6.661280,6.647570,0
USDCNH.,1471936794,6.653560,6.652910,6.661280,6.647570,0
USDCNH.,1471936813,6.653560,6.652900,6.661280,6.647570,0
USDCNH.,1471936813,6.653560,6.652900,6.661280,6.647570,0
USDCNH.,1471936813,6.653560,6.652900,6.661280,6.647570,0
USDCNH.,1471936813,6.653560,6.652900,6.661280,6.647570,0
USDCNH.,1471936813,6.653560,6.652900,6.661280,6.647570,0
USDCNH.,1471936829,6.653500,6.652890,6.661280,6.647570,0
USDCNH.,1471936829,6.653500,6.652890,6.661280,6.647570,0
USDCNH.,1471936829,6.653500,6.652890,6.661280,6.647570,0
USDCNH.,1471936829,6.653500,6.652890,6.661280,6.647570,0
USDCNH.,1471936829,6.653500,6.652890,6.661280,6.647570,0
USDCNH.,1471936887,6.653250,6.652580,6.661280,6.647570,0
USDCNH.,1471936887,6.653250,6.652580,6.661280,6.647570,0
USDCNH.,1471936887,6.653250,6.652580,6.661280,6.647570,0
USDCNH.,1471936887,6.653250,6.652580,6.661280,6.647570,0
USDCNH.,1471936887,6.653250,6.652580,6.661280,6.647570,0
USDCNH.,1471936887,6.652980,6.652370,6.661280,6.647570,0
USDCNH.,1471936887,6.652980,6.652370,6.661280,6.647570,0
USDCNH.,1471936887,6.652980,6.652370,6.661280,6.647570,0
USDCNH.,1471936887,6.652980,6.652370,6.661280,6.647570,0
USDCNH.,1471936887,6.652980,6.652370,6.661280,6.647570,0
USDCNH.,1471936887,6.652970,6.652330,6.661280,6.647570,0
USDCNH.,1471936887,6.652970,6.652330,6.661280,6.647570,0
USDCNH.,1471936887,6.652970,6.652330,6.661280,6.647570,0
USDCNH.,1471936887,6.652970,6.652330,6.661280,6.647570,0
USDCNH.,1471936887,6.652970,6.652330,6.661280,6.647570,0
USDCNH.,1471936887,6.652900,6.652330,6.661280,6.647570,0
USDCNH.,1471936887,6.652900,6.652330,6.661280,6.647570,0
USDCNH.,1471936887,6.652900,6.652330,6.661280,6.647570,0
USDCNH.,1471936887,6.652900,6.652330,6.661280,6.647570,0
USDCNH.,1471936887,6.652900,6.652330,6.661280,6.647570,0
USDCNH.,1471936888,6.652950,6.652330,6.661280,6.647570,0
USDCNH.,1471936888,6.652950,6.652330,6.661280,6.647570,0
USDCNH.,1471936888,6.652950,6.652330,6.661280,6.647570,0
USDCNH.,1471936888,6.652950,6.652330,6.661280,6.647570,0
USDCNH.,1471936888,6.652950,6.652330,6.661280,6.647570,0
USDCNH.,1471936888,6.653000,6.652470,6.661280,6.647570,0
USDCNH.,1471936888,6.653000,6.652470,6.661280,6.647570,0
USDCNH.,1471936888,6.653000,6.652470,6.661280,6.647570,0
USDCNH.,1471936888,6.653000,6.652470,6.661280,6.647570,0
USDCNH.,1471936888,6.653000,6.652470,6.661280,6.647570,0
USDCNH.,1471936888,6.653100,6.652440,6.661280,6.647570,0
USDCNH.,1471936888,6.653100,6.652440,6.661280,6.647570,0
USDCNH.,1471936888,6.653100,6.652440,6.661280,6.647570,0
USDCNH.,1471936888,6.653100,6.652440,6.661280,6.647570,0
USDCNH.,1471936888,6.653100,6.652440,6.661280,6.647570,0
USDCNH.,1471936946,6.653100,6.652470,6.661280,6.647570,0
USDCNH.,1471936946,6.653100,6.652470,6.661280,6.647570,0
USDCNH.,1471936946,6.653100,6.652470,6.661280,6.647570,0
USDCNH.,1471936946,6.653100,6.652470,6.661280,6.647570,0
USDCNH.,1471936946,6.653100,6.652470,6.661280,6.647570,0
USDCNH.,1471936968,6.653100,6.652500,6.661280,6.647570,0
USDCNH.,1471936968,6.653100,6.652500,6.661280,6.647570,0
USDCNH.,1471936968,6.653100,6.652500,6.661280,6.647570,0
USDCNH.,1471936968,6.653100,6.652500,6.661280,6.647570,0
USDCNH.,1471936968,6.653100,6.652500,6.661280,6.647570,0
USDCNH.,1471937028,6.653140,6.652700,6.661280,6.647570,0
USDCNH.,1471937028,6.653140,6.652700,6.661280,6.647570,0
USDCNH.,1471937028,6.653140,6.652700,6.661280,6.647570,0
USDCNH.,1471937028,6.653140,6.652700,6.661280,6.647570,0
USDCNH.,1471937028,6.653140,6.652700,6.661280,6.647570,0
USDCNH.,1471937030,6.653140,6.652800,6.661280,6.647570,0
USDCNH.,1471937030,6.653140,6.652800,6.661280,6.647570,0
USDCNH.,1471937030,6.653140,6.652800,6.661280,6.647570,0
USDCNH.,1471937030,6.653140,6.652800,6.661280,6.647570,0
USDCNH.,1471937030,6.653140,6.652800,6.661280,6.647570,0
USDCNH.,1471937032,6.653140,6.652700,6.661280,6.647570,0
USDCNH.,1471937032,6.653140,6.652700,6.661280,6.647570,0
USDCNH.,1471937032,6.653140,6.652700,6.661280,6.647570,0
USDCNH.,1471937032,6.653140,6.652700,6.661280,6.647570,0
USDCNH.,1471937032,6.653140,6.652700,6.661280,6.647570,0
