XPTUSD.,1471994421,1105.180000,1104.180000,1109.850000,1104.000000,0
XPTUSD.,1471994421,1105.180000,1104.180000,1109.850000,1104.000000,0
XPTUSD.,1471994421,1105.180000,1104.180000,1109.850000,1104.000000,0
XPTUSD.,1471994421,1105.180000,1104.180000,1109.850000,1104.000000,0
XPTUSD.,1471994421,1105.180000,1104.180000,1109.850000,1104.000000,0
XPTUSD.,1471994425,1105.180000,1104.180000,1109.850000,1104.000000,0
XPTUSD.,1471994425,1105.180000,1104.180000,1109.850000,1104.000000,0
XPTUSD.,1471994425,1105.180000,1104.180000,1109.850000,1104.000000,0
XPTUSD.,1471994425,1105.180000,1104.180000,1109.850000,1104.000000,0
XPTUSD.,1471994425,1105.180000,1104.180000,1109.850000,1104.000000,0
XPTUSD.,1471994447,1105.080000,1104.180000,1109.850000,1104.000000,0
XPTUSD.,1471994447,1105.080000,1104.180000,1109.850000,1104.000000,0
XPTUSD.,1471994447,1105.080000,1104.180000,1109.850000,1104.000000,0
XPTUSD.,1471994447,1105.080000,1104.180000,1109.850000,1104.000000,0
XPTUSD.,1471994447,1105.080000,1104.180000,1109.850000,1104.000000,0
XPTUSD.,1471994461,1105.080000,1104.170000,1109.850000,1104.000000,0
XPTUSD.,1471994461,1105.080000,1104.170000,1109.850000,1104.000000,0
XPTUSD.,1471994461,1105.080000,1104.170000,1109.850000,1104.000000,0
XPTUSD.,1471994461,1105.080000,1104.170000,1109.850000,1104.000000,0
XPTUSD.,1471994461,1105.080000,1104.170000,1109.850000,1104.000000,0
XPTUSD.,1471994462,1105.080000,1103.960000,1109.850000,1103.960000,0
XPTUSD.,1471994462,1105.080000,1103.960000,1109.850000,1103.960000,0
XPTUSD.,1471994462,1105.080000,1103.960000,1109.850000,1103.960000,0
XPTUSD.,1471994462,1105.080000,1103.960000,1109.850000,1103.960000,0
XPTUSD.,1471994462,1105.080000,1103.960000,1109.850000,1103.960000,0
XPTUSD.,1471994463,1105.010000,1104.040000,1109.850000,1103.960000,0
XPTUSD.,1471994463,1105.010000,1104.040000,1109.850000,1103.960000,0
XPTUSD.,1471994463,1105.010000,1104.040000,1109.850000,1103.960000,0
XPTUSD.,1471994463,1105.010000,1104.040000,1109.850000,1103.960000,0
XPTUSD.,1471994463,1105.010000,1104.040000,1109.850000,1103.960000,0
XPTUSD.,1471994463,1104.920000,1103.950000,1109.850000,1103.950000,0
XPTUSD.,1471994463,1104.920000,1103.950000,1109.850000,1103.950000,0
XPTUSD.,1471994463,1104.920000,1103.950000,1109.850000,1103.950000,0
XPTUSD.,1471994463,1104.920000,1103.950000,1109.850000,1103.950000,0
XPTUSD.,1471994463,1104.920000,1103.950000,1109.850000,1103.950000,0
XPTUSD.,1471994463,1104.920000,1103.980000,1109.850000,1103.950000,0
XPTUSD.,1471994463,1104.920000,1103.980000,1109.850000,1103.950000,0
XPTUSD.,1471994463,1104.920000,1103.980000,1109.850000,1103.950000,0
XPTUSD.,1471994463,1104.920000,1103.980000,1109.850000,1103.950000,0
XPTUSD.,1471994463,1104.920000,1103.980000,1109.850000,1103.950000,0
XPTUSD.,1471994496,1105.050000,1104.060000,1109.850000,1103.950000,0
XPTUSD.,1471994496,1105.050000,1104.060000,1109.850000,1103.950000,0
XPTUSD.,1471994496,1105.050000,1104.060000,1109.850000,1103.950000,0
XPTUSD.,1471994496,1105.050000,1104.060000,1109.850000,1103.950000,0
XPTUSD.,1471994496,1105.050000,1104.060000,1109.850000,1103.950000,0
XPTUSD.,1471994510,1105.050000,1104.120000,1109.850000,1103.950000,0
XPTUSD.,1471994510,1105.050000,1104.120000,1109.850000,1103.950000,0
XPTUSD.,1471994510,1105.050000,1104.120000,1109.850000,1103.950000,0
XPTUSD.,1471994510,1105.050000,1104.120000,1109.850000,1103.950000,0
XPTUSD.,1471994510,1105.050000,1104.120000,1109.850000,1103.950000,0
XPTUSD.,1471994510,1105.050000,1104.150000,1109.850000,1103.950000,0
XPTUSD.,1471994510,1105.050000,1104.150000,1109.850000,1103.950000,0
XPTUSD.,1471994510,1105.050000,1104.150000,1109.850000,1103.950000,0
XPTUSD.,1471994510,1105.050000,1104.150000,1109.850000,1103.950000,0
XPTUSD.,1471994510,1105.050000,1104.150000,1109.850000,1103.950000,0
XPTUSD.,1471994519,1105.050000,1104.160000,1109.850000,1103.950000,0
XPTUSD.,1471994519,1105.050000,1104.160000,1109.850000,1103.950000,0
XPTUSD.,1471994519,1105.050000,1104.160000,1109.850000,1103.950000,0
XPTUSD.,1471994519,1105.050000,1104.160000,1109.850000,1103.950000,0
XPTUSD.,1471994519,1105.050000,1104.160000,1109.850000,1103.950000,0
XPTUSD.,1471994519,1105.050000,1104.200000,1109.850000,1103.950000,0
XPTUSD.,1471994519,1105.050000,1104.200000,1109.850000,1103.950000,0
XPTUSD.,1471994519,1105.050000,1104.200000,1109.850000,1103.950000,0
XPTUSD.,1471994519,1105.050000,1104.200000,1109.850000,1103.950000,0
XPTUSD.,1471994519,1105.050000,1104.200000,1109.850000,1103.950000,0
XPTUSD.,1471994520,1105.050000,1104.190000,1109.850000,1103.950000,0
XPTUSD.,1471994520,1105.050000,1104.190000,1109.850000,1103.950000,0
XPTUSD.,1471994520,1105.050000,1104.190000,1109.850000,1103.950000,0
XPTUSD.,1471994520,1105.050000,1104.190000,1109.850000,1103.950000,0
XPTUSD.,1471994520,1105.050000,1104.190000,1109.850000,1103.950000,0
XPTUSD.,1471994522,1105.050000,1104.130000,1109.850000,1103.950000,0
XPTUSD.,1471994522,1105.050000,1104.130000,1109.850000,1103.950000,0
XPTUSD.,1471994522,1105.050000,1104.130000,1109.850000,1103.950000,0
XPTUSD.,1471994522,1105.050000,1104.130000,1109.850000,1103.950000,0
XPTUSD.,1471994522,1105.050000,1104.130000,1109.850000,1103.950000,0
XPTUSD.,1471994586,1104.850000,1103.760000,1109.850000,1103.760000,0
XPTUSD.,1471994586,1104.850000,1103.760000,1109.850000,1103.760000,0
XPTUSD.,1471994586,1104.850000,1103.760000,1109.850000,1103.760000,0
XPTUSD.,1471994586,1104.850000,1103.760000,1109.850000,1103.760000,0
XPTUSD.,1471994586,1104.850000,1103.760000,1109.850000,1103.760000,0
XPTUSD.,1471994586,1104.950000,1103.920000,1109.850000,1103.760000,0
XPTUSD.,1471994586,1104.950000,1103.920000,1109.850000,1103.760000,0
XPTUSD.,1471994586,1104.950000,1103.920000,1109.850000,1103.760000,0
XPTUSD.,1471994586,1104.950000,1103.920000,1109.850000,1103.760000,0
XPTUSD.,1471994586,1104.950000,1103.920000,1109.850000,1103.760000,0
XPTUSD.,1471994587,1104.870000,1103.920000,1109.850000,1103.760000,0
XPTUSD.,1471994587,1104.870000,1103.920000,1109.850000,1103.760000,0
XPTUSD.,1471994587,1104.870000,1103.920000,1109.850000,1103.760000,0
XPTUSD.,1471994587,1104.870000,1103.920000,1109.850000,1103.760000,0
XPTUSD.,1471994587,1104.870000,1103.920000,1109.850000,1103.760000,0
XPTUSD.,1471994587,1104.860000,1103.870000,1109.850000,1103.760000,0
XPTUSD.,1471994587,1104.860000,1103.870000,1109.850000,1103.760000,0
XPTUSD.,1471994587,1104.860000,1103.870000,1109.850000,1103.760000,0
XPTUSD.,1471994587,1104.860000,1103.870000,1109.850000,1103.760000,0
XPTUSD.,1471994587,1104.860000,1103.870000,1109.850000,1103.760000,0
XPTUSD.,1471994588,1104.950000,1103.900000,1109.850000,1103.760000,0
XPTUSD.,1471994588,1104.950000,1103.900000,1109.850000,1103.760000,0
XPTUSD.,1471994588,1104.950000,1103.900000,1109.850000,1103.760000,0
XPTUSD.,1471994588,1104.950000,1103.900000,1109.850000,1103.760000,0
XPTUSD.,1471994588,1104.950000,1103.900000,1109.850000,1103.760000,0
XPTUSD.,1471994588,1104.860000,1103.900000,1109.850000,1103.760000,0
XPTUSD.,1471994588,1104.860000,1103.900000,1109.850000,1103.760000,0
XPTUSD.,1471994588,1104.860000,1103.900000,1109.850000,1103.760000,0
XPTUSD.,1471994588,1104.860000,1103.900000,1109.850000,1103.760000,0
XPTUSD.,1471994588,1104.860000,1103.900000,1109.850000,1103.760000,0
XPTUSD.,1471994594,1104.780000,1103.890000,1109.850000,1103.760000,0
XPTUSD.,1471994594,1104.780000,1103.890000,1109.850000,1103.760000,0
XPTUSD.,1471994594,1104.780000,1103.890000,1109.850000,1103.760000,0
XPTUSD.,1471994594,1104.780000,1103.890000,1109.850000,1103.760000,0
XPTUSD.,1471994594,1104.780000,1103.890000,1109.850000,1103.760000,0
XPTUSD.,1471994594,1104.780000,1103.830000,1109.850000,1103.760000,0
XPTUSD.,1471994594,1104.780000,1103.830000,1109.850000,1103.760000,0
XPTUSD.,1471994594,1104.780000,1103.830000,1109.850000,1103.760000,0
XPTUSD.,1471994594,1104.780000,1103.830000,1109.850000,1103.760000,0
XPTUSD.,1471994594,1104.780000,1103.830000,1109.850000,1103.760000,0
XPTUSD.,1471994608,1104.780000,1103.870000,1109.850000,1103.760000,0
XPTUSD.,1471994608,1104.780000,1103.870000,1109.850000,1103.760000,0
XPTUSD.,1471994608,1104.780000,1103.870000,1109.850000,1103.760000,0
XPTUSD.,1471994608,1104.780000,1103.870000,1109.850000,1103.760000,0
XPTUSD.,1471994608,1104.780000,1103.870000,1109.850000,1103.760000,0
XPTUSD.,1471994625,1105.180000,1104.230000,1109.850000,1103.760000,0
XPTUSD.,1471994625,1105.180000,1104.230000,1109.850000,1103.760000,0
XPTUSD.,1471994625,1105.180000,1104.230000,1109.850000,1103.760000,0
XPTUSD.,1471994625,1105.180000,1104.230000,1109.850000,1103.760000,0
XPTUSD.,1471994625,1105.180000,1104.230000,1109.850000,1103.760000,0
XPTUSD.,1471994625,1105.180000,1104.270000,1109.850000,1103.760000,0
XPTUSD.,1471994625,1105.180000,1104.270000,1109.850000,1103.760000,0
XPTUSD.,1471994625,1105.180000,1104.270000,1109.850000,1103.760000,0
XPTUSD.,1471994625,1105.180000,1104.270000,1109.850000,1103.760000,0
XPTUSD.,1471994625,1105.180000,1104.270000,1109.850000,1103.760000,0
XPTUSD.,1471994635,1105.030000,1103.970000,1109.850000,1103.760000,0
XPTUSD.,1471994635,1105.030000,1103.970000,1109.850000,1103.760000,0
XPTUSD.,1471994635,1105.030000,1103.970000,1109.850000,1103.760000,0
XPTUSD.,1471994635,1105.030000,1103.970000,1109.850000,1103.760000,0
XPTUSD.,1471994635,1105.030000,1103.970000,1109.850000,1103.760000,0
XPTUSD.,1471994635,1104.910000,1103.970000,1109.850000,1103.760000,0
XPTUSD.,1471994635,1104.910000,1103.970000,1109.850000,1103.760000,0
XPTUSD.,1471994635,1104.910000,1103.970000,1109.850000,1103.760000,0
XPTUSD.,1471994635,1104.910000,1103.970000,1109.850000,1103.760000,0
XPTUSD.,1471994635,1104.910000,1103.970000,1109.850000,1103.760000,0
XPTUSD.,1471994652,1104.800000,1103.810000,1109.850000,1103.760000,0
XPTUSD.,1471994652,1104.800000,1103.810000,1109.850000,1103.760000,0
XPTUSD.,1471994652,1104.800000,1103.810000,1109.850000,1103.760000,0
XPTUSD.,1471994653,1104.800000,1103.810000,1109.850000,1103.760000,0
XPTUSD.,1471994653,1104.800000,1103.810000,1109.850000,1103.760000,0
XPTUSD.,1471994678,1104.800000,1103.770000,1109.850000,1103.760000,0
XPTUSD.,1471994678,1104.800000,1103.770000,1109.850000,1103.760000,0
XPTUSD.,1471994678,1104.800000,1103.770000,1109.850000,1103.760000,0
XPTUSD.,1471994678,1104.800000,1103.770000,1109.850000,1103.760000,0
XPTUSD.,1471994678,1104.800000,1103.770000,1109.850000,1103.760000,0
XPTUSD.,1471994679,1104.700000,1103.770000,1109.850000,1103.760000,0
XPTUSD.,1471994679,1104.700000,1103.770000,1109.850000,1103.760000,0
XPTUSD.,1471994679,1104.700000,1103.770000,1109.850000,1103.760000,0
XPTUSD.,1471994679,1104.700000,1103.770000,1109.850000,1103.760000,0
XPTUSD.,1471994679,1104.700000,1103.770000,1109.850000,1103.760000,0
XPTUSD.,1471994683,1104.700000,1103.750000,1109.850000,1103.750000,0
XPTUSD.,1471994683,1104.700000,1103.750000,1109.850000,1103.750000,0
XPTUSD.,1471994683,1104.700000,1103.750000,1109.850000,1103.750000,0
XPTUSD.,1471994683,1104.700000,1103.750000,1109.850000,1103.750000,0
XPTUSD.,1471994683,1104.700000,1103.750000,1109.850000,1103.750000,0
XPTUSD.,1471994686,1104.800000,1103.790000,1109.850000,1103.750000,0
XPTUSD.,1471994686,1104.800000,1103.790000,1109.850000,1103.750000,0
XPTUSD.,1471994686,1104.800000,1103.790000,1109.850000,1103.750000,0
XPTUSD.,1471994686,1104.800000,1103.790000,1109.850000,1103.750000,0
XPTUSD.,1471994686,1104.800000,1103.790000,1109.850000,1103.750000,0
XPTUSD.,1471994687,1104.800000,1103.870000,1109.850000,1103.750000,0
XPTUSD.,1471994687,1104.800000,1103.870000,1109.850000,1103.750000,0
XPTUSD.,1471994687,1104.800000,1103.870000,1109.850000,1103.750000,0
XPTUSD.,1471994687,1104.800000,1103.870000,1109.850000,1103.750000,0
XPTUSD.,1471994687,1104.800000,1103.870000,1109.850000,1103.750000,0
XPTUSD.,1471994689,1104.910000,1103.960000,1109.850000,1103.750000,0
XPTUSD.,1471994689,1104.910000,1103.960000,1109.850000,1103.750000,0
XPTUSD.,1471994689,1104.910000,1103.960000,1109.850000,1103.750000,0
XPTUSD.,1471994689,1104.910000,1103.960000,1109.850000,1103.750000,0
XPTUSD.,1471994689,1104.910000,1103.960000,1109.850000,1103.750000,0
XPTUSD.,1471994693,1104.990000,1103.960000,1109.850000,1103.750000,0
XPTUSD.,1471994693,1104.990000,1103.960000,1109.850000,1103.750000,0
XPTUSD.,1471994693,1104.990000,1103.960000,1109.850000,1103.750000,0
XPTUSD.,1471994693,1104.990000,1103.960000,1109.850000,1103.750000,0
XPTUSD.,1471994693,1104.990000,1103.960000,1109.850000,1103.750000,0
XPTUSD.,1471994716,1105.330000,1104.350000,1109.850000,1103.750000,0
XPTUSD.,1471994716,1105.330000,1104.350000,1109.850000,1103.750000,0
XPTUSD.,1471994716,1105.330000,1104.350000,1109.850000,1103.750000,0
XPTUSD.,1471994716,1105.330000,1104.350000,1109.850000,1103.750000,0
XPTUSD.,1471994716,1105.330000,1104.350000,1109.850000,1103.750000,0
XPTUSD.,1471994717,1105.330000,1104.490000,1109.850000,1103.750000,0
XPTUSD.,1471994717,1105.330000,1104.490000,1109.850000,1103.750000,0
XPTUSD.,1471994717,1105.330000,1104.490000,1109.850000,1103.750000,0
XPTUSD.,1471994717,1105.330000,1104.490000,1109.850000,1103.750000,0
XPTUSD.,1471994717,1105.330000,1104.490000,1109.850000,1103.750000,0
XPTUSD.,1471994749,1105.330000,1104.470000,1109.850000,1103.750000,0
XPTUSD.,1471994749,1105.330000,1104.470000,1109.850000,1103.750000,0
XPTUSD.,1471994749,1105.330000,1104.470000,1109.850000,1103.750000,0
XPTUSD.,1471994749,1105.330000,1104.470000,1109.850000,1103.750000,0
XPTUSD.,1471994749,1105.330000,1104.470000,1109.850000,1103.750000,0
XPTUSD.,1471994855,1105.330000,1104.350000,1109.850000,1103.750000,0
XPTUSD.,1471994855,1105.330000,1104.350000,1109.850000,1103.750000,0
XPTUSD.,1471994855,1105.330000,1104.350000,1109.850000,1103.750000,0
XPTUSD.,1471994855,1105.330000,1104.350000,1109.850000,1103.750000,0
XPTUSD.,1471994855,1105.330000,1104.350000,1109.850000,1103.750000,0
XPTUSD.,1471994885,1105.330000,1104.400000,1109.850000,1103.750000,0
XPTUSD.,1471994885,1105.330000,1104.400000,1109.850000,1103.750000,0
XPTUSD.,1471994885,1105.330000,1104.400000,1109.850000,1103.750000,0
XPTUSD.,1471994885,1105.330000,1104.400000,1109.850000,1103.750000,0
XPTUSD.,1471994885,1105.330000,1104.400000,1109.850000,1103.750000,0
XPTUSD.,1471994962,1105.430000,1104.460000,1109.850000,1103.750000,0
XPTUSD.,1471994962,1105.430000,1104.460000,1109.850000,1103.750000,0
XPTUSD.,1471994962,1105.430000,1104.460000,1109.850000,1103.750000,0
XPTUSD.,1471994962,1105.430000,1104.460000,1109.850000,1103.750000,0
XPTUSD.,1471994962,1105.430000,1104.460000,1109.850000,1103.750000,0
XPTUSD.,1471994980,1105.510000,1104.490000,1109.850000,1103.750000,0
XPTUSD.,1471994980,1105.510000,1104.490000,1109.850000,1103.750000,0
XPTUSD.,1471994980,1105.510000,1104.490000,1109.850000,1103.750000,0
XPTUSD.,1471994980,1105.510000,1104.490000,1109.850000,1103.750000,0
XPTUSD.,1471994980,1105.510000,1104.490000,1109.850000,1103.750000,0
XPTUSD.,1471995103,1105.380000,1104.470000,1109.850000,1103.750000,0
XPTUSD.,1471995103,1105.380000,1104.470000,1109.850000,1103.750000,0
XPTUSD.,1471995103,1105.380000,1104.470000,1109.850000,1103.750000,0
XPTUSD.,1471995103,1105.380000,1104.470000,1109.850000,1103.750000,0
XPTUSD.,1471995103,1105.380000,1104.470000,1109.850000,1103.750000,0
XPTUSD.,1471995169,1105.300000,1104.470000,1109.850000,1103.750000,0
XPTUSD.,1471995169,1105.300000,1104.470000,1109.850000,1103.750000,0
XPTUSD.,1471995169,1105.300000,1104.470000,1109.850000,1103.750000,0
XPTUSD.,1471995169,1105.300000,1104.470000,1109.850000,1103.750000,0
XPTUSD.,1471995169,1105.300000,1104.470000,1109.850000,1103.750000,0
XPTUSD.,1471995174,1104.950000,1104.120000,1109.850000,1103.750000,0
XPTUSD.,1471995174,1104.950000,1104.120000,1109.850000,1103.750000,0
XPTUSD.,1471995174,1104.950000,1104.120000,1109.850000,1103.750000,0
XPTUSD.,1471995174,1104.950000,1104.120000,1109.850000,1103.750000,0
XPTUSD.,1471995174,1104.950000,1104.120000,1109.850000,1103.750000,0
XPTUSD.,1471995175,1104.950000,1103.960000,1109.850000,1103.750000,0
XPTUSD.,1471995175,1104.950000,1103.960000,1109.850000,1103.750000,0
XPTUSD.,1471995175,1104.950000,1103.960000,1109.850000,1103.750000,0
XPTUSD.,1471995175,1104.950000,1103.960000,1109.850000,1103.750000,0
XPTUSD.,1471995175,1104.950000,1103.960000,1109.850000,1103.750000,0
XPTUSD.,1471995175,1104.950000,1104.030000,1109.850000,1103.750000,0
XPTUSD.,1471995175,1104.950000,1104.030000,1109.850000,1103.750000,0
XPTUSD.,1471995175,1104.950000,1104.030000,1109.850000,1103.750000,0
XPTUSD.,1471995175,1104.950000,1104.030000,1109.850000,1103.750000,0
XPTUSD.,1471995175,1104.950000,1104.030000,1109.850000,1103.750000,0
XPTUSD.,1471995175,1104.950000,1104.040000,1109.850000,1103.750000,0
XPTUSD.,1471995175,1104.950000,1104.040000,1109.850000,1103.750000,0
XPTUSD.,1471995175,1104.950000,1104.040000,1109.850000,1103.750000,0
XPTUSD.,1471995175,1104.950000,1104.040000,1109.850000,1103.750000,0
XPTUSD.,1471995175,1104.950000,1104.040000,1109.850000,1103.750000,0
XPTUSD.,1471995178,1104.950000,1104.030000,1109.850000,1103.750000,0
XPTUSD.,1471995178,1104.950000,1104.030000,1109.850000,1103.750000,0
XPTUSD.,1471995178,1104.950000,1104.030000,1109.850000,1103.750000,0
XPTUSD.,1471995178,1104.950000,1104.030000,1109.850000,1103.750000,0
XPTUSD.,1471995178,1104.950000,1104.030000,1109.850000,1103.750000,0
XPTUSD.,1471995199,1104.950000,1103.970000,1109.850000,1103.750000,0
XPTUSD.,1471995199,1104.950000,1103.970000,1109.850000,1103.750000,0
XPTUSD.,1471995199,1104.950000,1103.970000,1109.850000,1103.750000,0
XPTUSD.,1471995199,1104.950000,1103.970000,1109.850000,1103.750000,0
XPTUSD.,1471995199,1104.950000,1103.970000,1109.850000,1103.750000,0
XPTUSD.,1471995214,1104.870000,1103.970000,1109.850000,1103.750000,0
XPTUSD.,1471995214,1104.870000,1103.970000,1109.850000,1103.750000,0
XPTUSD.,1471995214,1104.870000,1103.970000,1109.850000,1103.750000,0
XPTUSD.,1471995214,1104.870000,1103.970000,1109.850000,1103.750000,0
XPTUSD.,1471995214,1104.870000,1103.970000,1109.850000,1103.750000,0
XPTUSD.,1471995219,1105.030000,1103.970000,1109.850000,1103.750000,0
XPTUSD.,1471995219,1105.030000,1103.970000,1109.850000,1103.750000,0
XPTUSD.,1471995219,1105.030000,1103.970000,1109.850000,1103.750000,0
XPTUSD.,1471995219,1105.030000,1103.970000,1109.850000,1103.750000,0
XPTUSD.,1471995219,1105.030000,1103.970000,1109.850000,1103.750000,0
XPTUSD.,1471995221,1105.030000,1104.060000,1109.850000,1103.750000,0
XPTUSD.,1471995221,1105.030000,1104.060000,1109.850000,1103.750000,0
XPTUSD.,1471995221,1105.030000,1104.060000,1109.850000,1103.750000,0
XPTUSD.,1471995221,1105.030000,1104.060000,1109.850000,1103.750000,0
XPTUSD.,1471995221,1105.030000,1104.060000,1109.850000,1103.750000,0
XPTUSD.,1471995222,1105.030000,1104.030000,1109.850000,1103.750000,0
XPTUSD.,1471995222,1105.030000,1104.030000,1109.850000,1103.750000,0
XPTUSD.,1471995222,1105.030000,1104.030000,1109.850000,1103.750000,0
XPTUSD.,1471995222,1105.030000,1104.030000,1109.850000,1103.750000,0
XPTUSD.,1471995222,1105.030000,1104.030000,1109.850000,1103.750000,0
XPTUSD.,1471995224,1105.030000,1104.060000,1109.850000,1103.750000,0
XPTUSD.,1471995224,1105.030000,1104.060000,1109.850000,1103.750000,0
XPTUSD.,1471995224,1105.030000,1104.060000,1109.850000,1103.750000,0
XPTUSD.,1471995224,1105.030000,1104.060000,1109.850000,1103.750000,0
XPTUSD.,1471995224,1105.030000,1104.060000,1109.850000,1103.750000,0
XPTUSD.,1471995225,1105.030000,1104.030000,1109.850000,1103.750000,0
XPTUSD.,1471995225,1105.030000,1104.030000,1109.850000,1103.750000,0
XPTUSD.,1471995225,1105.030000,1104.030000,1109.850000,1103.750000,0
XPTUSD.,1471995225,1105.030000,1104.030000,1109.850000,1103.750000,0
XPTUSD.,1471995225,1105.030000,1104.030000,1109.850000,1103.750000,0
XPTUSD.,1471995226,1105.030000,1104.060000,1109.850000,1103.750000,0
XPTUSD.,1471995226,1105.030000,1104.060000,1109.850000,1103.750000,0
XPTUSD.,1471995226,1105.030000,1104.060000,1109.850000,1103.750000,0
XPTUSD.,1471995226,1105.030000,1104.060000,1109.850000,1103.750000,0
XPTUSD.,1471995226,1105.030000,1104.060000,1109.850000,1103.750000,0
XPTUSD.,1471995234,1105.030000,1104.030000,1109.850000,1103.750000,0
XPTUSD.,1471995234,1105.030000,1104.030000,1109.850000,1103.750000,0
XPTUSD.,1471995234,1105.030000,1104.030000,1109.850000,1103.750000,0
XPTUSD.,1471995234,1105.030000,1104.030000,1109.850000,1103.750000,0
XPTUSD.,1471995234,1105.030000,1104.030000,1109.850000,1103.750000,0
XPTUSD.,1471995235,1105.030000,1104.060000,1109.850000,1103.750000,0
XPTUSD.,1471995235,1105.030000,1104.060000,1109.850000,1103.750000,0
XPTUSD.,1471995235,1105.030000,1104.060000,1109.850000,1103.750000,0
XPTUSD.,1471995235,1105.030000,1104.060000,1109.850000,1103.750000,0
XPTUSD.,1471995235,1105.030000,1104.060000,1109.850000,1103.750000,0
XPTUSD.,1471995245,1105.030000,1104.030000,1109.850000,1103.750000,0
XPTUSD.,1471995245,1105.030000,1104.030000,1109.850000,1103.750000,0
XPTUSD.,1471995245,1105.030000,1104.030000,1109.850000,1103.750000,0
XPTUSD.,1471995245,1105.030000,1104.030000,1109.850000,1103.750000,0
XPTUSD.,1471995245,1105.030000,1104.030000,1109.850000,1103.750000,0
XPTUSD.,1471995246,1105.030000,1104.000000,1109.850000,1103.750000,0
XPTUSD.,1471995246,1105.030000,1104.000000,1109.850000,1103.750000,0
XPTUSD.,1471995246,1105.030000,1104.000000,1109.850000,1103.750000,0
XPTUSD.,1471995246,1105.030000,1104.000000,1109.850000,1103.750000,0
XPTUSD.,1471995246,1105.030000,1104.000000,1109.850000,1103.750000,0
XPTUSD.,1471995246,1105.030000,1104.030000,1109.850000,1103.750000,0
XPTUSD.,1471995246,1105.030000,1104.030000,1109.850000,1103.750000,0
XPTUSD.,1471995246,1105.030000,1104.030000,1109.850000,1103.750000,0
XPTUSD.,1471995246,1105.030000,1104.030000,1109.850000,1103.750000,0
XPTUSD.,1471995246,1105.030000,1104.030000,1109.850000,1103.750000,0
XPTUSD.,1471995248,1105.030000,1104.000000,1109.850000,1103.750000,0
XPTUSD.,1471995248,1105.030000,1104.000000,1109.850000,1103.750000,0
XPTUSD.,1471995248,1105.030000,1104.000000,1109.850000,1103.750000,0
XPTUSD.,1471995248,1105.030000,1104.000000,1109.850000,1103.750000,0
XPTUSD.,1471995248,1105.030000,1104.000000,1109.850000,1103.750000,0
XPTUSD.,1471995254,1105.030000,1104.030000,1109.850000,1103.750000,0
XPTUSD.,1471995254,1105.030000,1104.030000,1109.850000,1103.750000,0
XPTUSD.,1471995254,1105.030000,1104.030000,1109.850000,1103.750000,0
XPTUSD.,1471995254,1105.030000,1104.030000,1109.850000,1103.750000,0
XPTUSD.,1471995254,1105.030000,1104.030000,1109.850000,1103.750000,0
XPTUSD.,1471995258,1105.030000,1104.000000,1109.850000,1103.750000,0
XPTUSD.,1471995258,1105.030000,1104.000000,1109.850000,1103.750000,0
XPTUSD.,1471995258,1105.030000,1104.000000,1109.850000,1103.750000,0
XPTUSD.,1471995258,1105.030000,1104.000000,1109.850000,1103.750000,0
XPTUSD.,1471995258,1105.030000,1104.000000,1109.850000,1103.750000,0
XPTUSD.,1471995260,1105.030000,1104.030000,1109.850000,1103.750000,0
XPTUSD.,1471995260,1105.030000,1104.030000,1109.850000,1103.750000,0
XPTUSD.,1471995260,1105.030000,1104.030000,1109.850000,1103.750000,0
XPTUSD.,1471995260,1105.030000,1104.030000,1109.850000,1103.750000,0
XPTUSD.,1471995260,1105.030000,1104.030000,1109.850000,1103.750000,0
XPTUSD.,1471995273,1105.120000,1104.120000,1109.850000,1103.750000,0
XPTUSD.,1471995273,1105.120000,1104.120000,1109.850000,1103.750000,0
XPTUSD.,1471995273,1105.120000,1104.120000,1109.850000,1103.750000,0
XPTUSD.,1471995273,1105.120000,1104.120000,1109.850000,1103.750000,0
XPTUSD.,1471995273,1105.120000,1104.120000,1109.850000,1103.750000,0
XPTUSD.,1471995292,1105.120000,1104.090000,1109.850000,1103.750000,0
XPTUSD.,1471995292,1105.120000,1104.090000,1109.850000,1103.750000,0
XPTUSD.,1471995292,1105.120000,1104.090000,1109.850000,1103.750000,0
XPTUSD.,1471995292,1105.120000,1104.090000,1109.850000,1103.750000,0
XPTUSD.,1471995292,1105.120000,1104.090000,1109.850000,1103.750000,0
XPTUSD.,1471995466,1105.120000,1104.130000,1109.850000,1103.750000,0
XPTUSD.,1471995466,1105.120000,1104.130000,1109.850000,1103.750000,0
XPTUSD.,1471995466,1105.120000,1104.130000,1109.850000,1103.750000,0
XPTUSD.,1471995466,1105.120000,1104.130000,1109.850000,1103.750000,0
XPTUSD.,1471995466,1105.120000,1104.130000,1109.850000,1103.750000,0
XPTUSD.,1471995498,1105.120000,1104.100000,1109.850000,1103.750000,0
XPTUSD.,1471995498,1105.120000,1104.100000,1109.850000,1103.750000,0
XPTUSD.,1471995498,1105.120000,1104.100000,1109.850000,1103.750000,0
XPTUSD.,1471995498,1105.120000,1104.100000,1109.850000,1103.750000,0
XPTUSD.,1471995498,1105.120000,1104.100000,1109.850000,1103.750000,0
XPTUSD.,1471995503,1105.220000,1104.210000,1109.850000,1103.750000,0
XPTUSD.,1471995503,1105.220000,1104.210000,1109.850000,1103.750000,0
XPTUSD.,1471995503,1105.220000,1104.210000,1109.850000,1103.750000,0
XPTUSD.,1471995503,1105.220000,1104.210000,1109.850000,1103.750000,0
XPTUSD.,1471995503,1105.220000,1104.210000,1109.850000,1103.750000,0
XPTUSD.,1471995509,1105.520000,1104.470000,1109.850000,1103.750000,0
XPTUSD.,1471995509,1105.520000,1104.470000,1109.850000,1103.750000,0
XPTUSD.,1471995509,1105.520000,1104.470000,1109.850000,1103.750000,0
XPTUSD.,1471995509,1105.520000,1104.470000,1109.850000,1103.750000,0
XPTUSD.,1471995509,1105.520000,1104.470000,1109.850000,1103.750000,0
XPTUSD.,1471995515,1105.370000,1104.470000,1109.850000,1103.750000,0
XPTUSD.,1471995515,1105.370000,1104.470000,1109.850000,1103.750000,0
XPTUSD.,1471995515,1105.370000,1104.470000,1109.850000,1103.750000,0
XPTUSD.,1471995515,1105.370000,1104.470000,1109.850000,1103.750000,0
XPTUSD.,1471995515,1105.370000,1104.470000,1109.850000,1103.750000,0
XPTUSD.,1471995546,1105.370000,1104.450000,1109.850000,1103.750000,0
XPTUSD.,1471995546,1105.370000,1104.450000,1109.850000,1103.750000,0
XPTUSD.,1471995546,1105.370000,1104.450000,1109.850000,1103.750000,0
XPTUSD.,1471995546,1105.370000,1104.450000,1109.850000,1103.750000,0
XPTUSD.,1471995546,1105.370000,1104.450000,1109.850000,1103.750000,0
XPTUSD.,1471995557,1105.370000,1104.420000,1109.850000,1103.750000,0
XPTUSD.,1471995557,1105.370000,1104.420000,1109.850000,1103.750000,0
XPTUSD.,1471995557,1105.370000,1104.420000,1109.850000,1103.750000,0
XPTUSD.,1471995558,1105.370000,1104.420000,1109.850000,1103.750000,0
XPTUSD.,1471995558,1105.370000,1104.420000,1109.850000,1103.750000,0
XPTUSD.,1471995582,1105.370000,1104.370000,1109.850000,1103.750000,0
XPTUSD.,1471995582,1105.370000,1104.370000,1109.850000,1103.750000,0
XPTUSD.,1471995582,1105.370000,1104.370000,1109.850000,1103.750000,0
XPTUSD.,1471995582,1105.370000,1104.370000,1109.850000,1103.750000,0
XPTUSD.,1471995582,1105.370000,1104.370000,1109.850000,1103.750000,0
XPTUSD.,1471995622,1105.370000,1104.400000,1109.850000,1103.750000,0
XPTUSD.,1471995622,1105.370000,1104.400000,1109.850000,1103.750000,0
XPTUSD.,1471995622,1105.370000,1104.400000,1109.850000,1103.750000,0
XPTUSD.,1471995622,1105.370000,1104.400000,1109.850000,1103.750000,0
XPTUSD.,1471995622,1105.370000,1104.400000,1109.850000,1103.750000,0
XPTUSD.,1471995648,1105.230000,1104.370000,1109.850000,1103.750000,0
XPTUSD.,1471995648,1105.230000,1104.370000,1109.850000,1103.750000,0
XPTUSD.,1471995648,1105.230000,1104.370000,1109.850000,1103.750000,0
XPTUSD.,1471995648,1105.230000,1104.370000,1109.850000,1103.750000,0
XPTUSD.,1471995648,1105.230000,1104.370000,1109.850000,1103.750000,0
XPTUSD.,1471995695,1105.230000,1104.270000,1109.850000,1103.750000,0
XPTUSD.,1471995695,1105.230000,1104.270000,1109.850000,1103.750000,0
XPTUSD.,1471995695,1105.230000,1104.270000,1109.850000,1103.750000,0
XPTUSD.,1471995695,1105.230000,1104.270000,1109.850000,1103.750000,0
XPTUSD.,1471995695,1105.230000,1104.270000,1109.850000,1103.750000,0
XPTUSD.,1471995704,1105.230000,1104.280000,1109.850000,1103.750000,0
XPTUSD.,1471995704,1105.230000,1104.280000,1109.850000,1103.750000,0
XPTUSD.,1471995704,1105.230000,1104.280000,1109.850000,1103.750000,0
XPTUSD.,1471995704,1105.230000,1104.280000,1109.850000,1103.750000,0
XPTUSD.,1471995704,1105.230000,1104.280000,1109.850000,1103.750000,0
XPTUSD.,1471995707,1105.230000,1104.350000,1109.850000,1103.750000,0
XPTUSD.,1471995707,1105.230000,1104.350000,1109.850000,1103.750000,0
XPTUSD.,1471995707,1105.230000,1104.350000,1109.850000,1103.750000,0
XPTUSD.,1471995707,1105.230000,1104.350000,1109.850000,1103.750000,0
XPTUSD.,1471995707,1105.230000,1104.350000,1109.850000,1103.750000,0
XPTUSD.,1471995715,1105.230000,1104.170000,1109.850000,1103.750000,0
XPTUSD.,1471995715,1105.230000,1104.170000,1109.850000,1103.750000,0
XPTUSD.,1471995715,1105.230000,1104.170000,1109.850000,1103.750000,0
XPTUSD.,1471995715,1105.230000,1104.170000,1109.850000,1103.750000,0
XPTUSD.,1471995715,1105.230000,1104.170000,1109.850000,1103.750000,0
XPTUSD.,1471995715,1105.120000,1104.170000,1109.850000,1103.750000,0
XPTUSD.,1471995715,1105.120000,1104.170000,1109.850000,1103.750000,0
XPTUSD.,1471995715,1105.120000,1104.170000,1109.850000,1103.750000,0
XPTUSD.,1471995715,1105.120000,1104.170000,1109.850000,1103.750000,0
XPTUSD.,1471995715,1105.120000,1104.170000,1109.850000,1103.750000,0
XPTUSD.,1471995715,1105.020000,1104.060000,1109.850000,1103.750000,0
XPTUSD.,1471995715,1105.020000,1104.060000,1109.850000,1103.750000,0
XPTUSD.,1471995715,1105.020000,1104.060000,1109.850000,1103.750000,0
XPTUSD.,1471995715,1105.020000,1104.060000,1109.850000,1103.750000,0
XPTUSD.,1471995715,1105.020000,1104.060000,1109.850000,1103.750000,0
XPTUSD.,1471995716,1104.940000,1104.060000,1109.850000,1103.750000,0
XPTUSD.,1471995716,1104.940000,1104.060000,1109.850000,1103.750000,0
XPTUSD.,1471995716,1104.940000,1104.060000,1109.850000,1103.750000,0
XPTUSD.,1471995716,1104.940000,1104.060000,1109.850000,1103.750000,0
XPTUSD.,1471995716,1104.940000,1104.060000,1109.850000,1103.750000,0
XPTUSD.,1471995723,1104.940000,1103.870000,1109.850000,1103.750000,0
XPTUSD.,1471995723,1104.940000,1103.870000,1109.850000,1103.750000,0
XPTUSD.,1471995723,1104.940000,1103.870000,1109.850000,1103.750000,0
XPTUSD.,1471995723,1104.940000,1103.870000,1109.850000,1103.750000,0
XPTUSD.,1471995723,1104.940000,1103.870000,1109.850000,1103.750000,0
XPTUSD.,1471995732,1104.920000,1103.880000,1109.850000,1103.750000,0
XPTUSD.,1471995732,1104.920000,1103.880000,1109.850000,1103.750000,0
XPTUSD.,1471995732,1104.920000,1103.880000,1109.850000,1103.750000,0
XPTUSD.,1471995732,1104.920000,1103.880000,1109.850000,1103.750000,0
XPTUSD.,1471995732,1104.920000,1103.880000,1109.850000,1103.750000,0
XPTUSD.,1471995732,1104.840000,1103.880000,1109.850000,1103.750000,0
XPTUSD.,1471995732,1104.840000,1103.880000,1109.850000,1103.750000,0
XPTUSD.,1471995732,1104.840000,1103.880000,1109.850000,1103.750000,0
XPTUSD.,1471995732,1104.840000,1103.880000,1109.850000,1103.750000,0
XPTUSD.,1471995732,1104.840000,1103.880000,1109.850000,1103.750000,0
XPTUSD.,1471995738,1104.840000,1103.810000,1109.850000,1103.750000,0
XPTUSD.,1471995738,1104.840000,1103.810000,1109.850000,1103.750000,0
XPTUSD.,1471995738,1104.840000,1103.810000,1109.850000,1103.750000,0
XPTUSD.,1471995738,1104.840000,1103.810000,1109.850000,1103.750000,0
XPTUSD.,1471995738,1104.840000,1103.810000,1109.850000,1103.750000,0
XPTUSD.,1471995739,1104.840000,1103.870000,1109.850000,1103.750000,0
XPTUSD.,1471995739,1104.840000,1103.870000,1109.850000,1103.750000,0
XPTUSD.,1471995739,1104.840000,1103.870000,1109.850000,1103.750000,0
XPTUSD.,1471995739,1104.840000,1103.870000,1109.850000,1103.750000,0
XPTUSD.,1471995739,1104.840000,1103.870000,1109.850000,1103.750000,0
XPTUSD.,1471995746,1104.840000,1103.850000,1109.850000,1103.750000,0
XPTUSD.,1471995746,1104.840000,1103.850000,1109.850000,1103.750000,0
XPTUSD.,1471995746,1104.840000,1103.850000,1109.850000,1103.750000,0
XPTUSD.,1471995746,1104.840000,1103.850000,1109.850000,1103.750000,0
XPTUSD.,1471995746,1104.840000,1103.850000,1109.850000,1103.750000,0
XPTUSD.,1471995749,1104.840000,1103.870000,1109.850000,1103.750000,0
XPTUSD.,1471995749,1104.840000,1103.870000,1109.850000,1103.750000,0
XPTUSD.,1471995749,1104.840000,1103.870000,1109.850000,1103.750000,0
XPTUSD.,1471995749,1104.840000,1103.870000,1109.850000,1103.750000,0
XPTUSD.,1471995749,1104.840000,1103.870000,1109.850000,1103.750000,0
XPTUSD.,1471995754,1104.840000,1103.850000,1109.850000,1103.750000,0
XPTUSD.,1471995754,1104.840000,1103.850000,1109.850000,1103.750000,0
XPTUSD.,1471995754,1104.840000,1103.850000,1109.850000,1103.750000,0
XPTUSD.,1471995754,1104.840000,1103.850000,1109.850000,1103.750000,0
XPTUSD.,1471995754,1104.840000,1103.850000,1109.850000,1103.750000,0
XPTUSD.,1471995754,1104.840000,1103.870000,1109.850000,1103.750000,0
XPTUSD.,1471995754,1104.840000,1103.870000,1109.850000,1103.750000,0
XPTUSD.,1471995755,1104.840000,1103.870000,1109.850000,1103.750000,0
XPTUSD.,1471995755,1104.840000,1103.870000,1109.850000,1103.750000,0
XPTUSD.,1471995755,1104.840000,1103.870000,1109.850000,1103.750000,0
XPTUSD.,1471995784,1104.840000,1103.810000,1109.850000,1103.750000,0
XPTUSD.,1471995784,1104.840000,1103.810000,1109.850000,1103.750000,0
XPTUSD.,1471995784,1104.840000,1103.810000,1109.850000,1103.750000,0
XPTUSD.,1471995784,1104.840000,1103.810000,1109.850000,1103.750000,0
XPTUSD.,1471995784,1104.840000,1103.810000,1109.850000,1103.750000,0
XPTUSD.,1471995787,1104.840000,1103.830000,1109.850000,1103.750000,0
XPTUSD.,1471995787,1104.840000,1103.830000,1109.850000,1103.750000,0
XPTUSD.,1471995787,1104.840000,1103.830000,1109.850000,1103.750000,0
XPTUSD.,1471995787,1104.840000,1103.830000,1109.850000,1103.750000,0
XPTUSD.,1471995787,1104.840000,1103.830000,1109.850000,1103.750000,0
XPTUSD.,1471995804,1104.840000,1103.840000,1109.850000,1103.750000,0
XPTUSD.,1471995804,1104.840000,1103.840000,1109.850000,1103.750000,0
XPTUSD.,1471995804,1104.840000,1103.840000,1109.850000,1103.750000,0
XPTUSD.,1471995804,1104.840000,1103.840000,1109.850000,1103.750000,0
XPTUSD.,1471995804,1104.840000,1103.840000,1109.850000,1103.750000,0
XPTUSD.,1471995811,1105.080000,1104.120000,1109.850000,1103.750000,0
XPTUSD.,1471995811,1105.080000,1104.120000,1109.850000,1103.750000,0
XPTUSD.,1471995811,1105.080000,1104.120000,1109.850000,1103.750000,0
XPTUSD.,1471995811,1105.080000,1104.120000,1109.850000,1103.750000,0
XPTUSD.,1471995811,1105.080000,1104.120000,1109.850000,1103.750000,0
XPTUSD.,1471995854,1105.080000,1104.190000,1109.850000,1103.750000,0
XPTUSD.,1471995854,1105.080000,1104.190000,1109.850000,1103.750000,0
XPTUSD.,1471995854,1105.080000,1104.190000,1109.850000,1103.750000,0
XPTUSD.,1471995854,1105.080000,1104.190000,1109.850000,1103.750000,0
XPTUSD.,1471995854,1105.080000,1104.190000,1109.850000,1103.750000,0
XPTUSD.,1471995863,1105.180000,1104.190000,1109.850000,1103.750000,0
XPTUSD.,1471995863,1105.180000,1104.190000,1109.850000,1103.750000,0
XPTUSD.,1471995863,1105.180000,1104.190000,1109.850000,1103.750000,0
XPTUSD.,1471995863,1105.180000,1104.190000,1109.850000,1103.750000,0
XPTUSD.,1471995863,1105.180000,1104.190000,1109.850000,1103.750000,0
XPTUSD.,1471995865,1105.180000,1104.260000,1109.850000,1103.750000,0
XPTUSD.,1471995865,1105.180000,1104.260000,1109.850000,1103.750000,0
XPTUSD.,1471995865,1105.180000,1104.260000,1109.850000,1103.750000,0
XPTUSD.,1471995865,1105.180000,1104.260000,1109.850000,1103.750000,0
XPTUSD.,1471995865,1105.180000,1104.260000,1109.850000,1103.750000,0
XPTUSD.,1471995871,1105.270000,1104.270000,1109.850000,1103.750000,0
XPTUSD.,1471995871,1105.270000,1104.270000,1109.850000,1103.750000,0
XPTUSD.,1471995871,1105.270000,1104.270000,1109.850000,1103.750000,0
XPTUSD.,1471995871,1105.270000,1104.270000,1109.850000,1103.750000,0
XPTUSD.,1471995871,1105.270000,1104.270000,1109.850000,1103.750000,0
XPTUSD.,1471996042,1105.150000,1104.270000,1109.850000,1103.750000,0
XPTUSD.,1471996042,1105.150000,1104.270000,1109.850000,1103.750000,0
XPTUSD.,1471996042,1105.150000,1104.270000,1109.850000,1103.750000,0
XPTUSD.,1471996042,1105.150000,1104.270000,1109.850000,1103.750000,0
XPTUSD.,1471996042,1105.150000,1104.270000,1109.850000,1103.750000,0
XPTUSD.,1471996044,1105.150000,1104.080000,1109.850000,1103.750000,0
XPTUSD.,1471996044,1105.150000,1104.080000,1109.850000,1103.750000,0
XPTUSD.,1471996044,1105.150000,1104.080000,1109.850000,1103.750000,0
XPTUSD.,1471996044,1105.150000,1104.080000,1109.850000,1103.750000,0
XPTUSD.,1471996044,1105.150000,1104.080000,1109.850000,1103.750000,0
XPTUSD.,1471996096,1105.070000,1104.080000,1109.850000,1103.750000,0
XPTUSD.,1471996096,1105.070000,1104.080000,1109.850000,1103.750000,0
XPTUSD.,1471996096,1105.070000,1104.080000,1109.850000,1103.750000,0
XPTUSD.,1471996096,1105.070000,1104.080000,1109.850000,1103.750000,0
XPTUSD.,1471996096,1105.070000,1104.080000,1109.850000,1103.750000,0
XPTUSD.,1471996131,1105.070000,1104.060000,1109.850000,1103.750000,0
XPTUSD.,1471996131,1105.070000,1104.060000,1109.850000,1103.750000,0
XPTUSD.,1471996131,1105.070000,1104.060000,1109.850000,1103.750000,0
XPTUSD.,1471996132,1105.070000,1104.060000,1109.850000,1103.750000,0
XPTUSD.,1471996132,1105.070000,1104.060000,1109.850000,1103.750000,0
XPTUSD.,1471996178,1104.980000,1104.020000,1109.850000,1103.750000,0
XPTUSD.,1471996178,1104.980000,1104.020000,1109.850000,1103.750000,0
XPTUSD.,1471996178,1104.980000,1104.020000,1109.850000,1103.750000,0
XPTUSD.,1471996178,1104.980000,1104.020000,1109.850000,1103.750000,0
XPTUSD.,1471996178,1104.980000,1104.020000,1109.850000,1103.750000,0
XPTUSD.,1471996182,1104.980000,1104.070000,1109.850000,1103.750000,0
XPTUSD.,1471996182,1104.980000,1104.070000,1109.850000,1103.750000,0
XPTUSD.,1471996182,1104.980000,1104.070000,1109.850000,1103.750000,0
XPTUSD.,1471996182,1104.980000,1104.070000,1109.850000,1103.750000,0
XPTUSD.,1471996182,1104.980000,1104.070000,1109.850000,1103.750000,0
XPTUSD.,1471996193,1105.160000,1104.090000,1109.850000,1103.750000,0
XPTUSD.,1471996193,1105.160000,1104.090000,1109.850000,1103.750000,0
XPTUSD.,1471996193,1105.160000,1104.090000,1109.850000,1103.750000,0
XPTUSD.,1471996193,1105.160000,1104.090000,1109.850000,1103.750000,0
XPTUSD.,1471996193,1105.160000,1104.090000,1109.850000,1103.750000,0
XPTUSD.,1471996214,1105.170000,1104.150000,1109.850000,1103.750000,0
XPTUSD.,1471996214,1105.170000,1104.150000,1109.850000,1103.750000,0
XPTUSD.,1471996214,1105.170000,1104.150000,1109.850000,1103.750000,0
XPTUSD.,1471996214,1105.170000,1104.150000,1109.850000,1103.750000,0
XPTUSD.,1471996214,1105.170000,1104.150000,1109.850000,1103.750000,0
XPTUSD.,1471996229,1105.170000,1104.150000,1109.850000,1103.750000,0
XPTUSD.,1471996229,1105.170000,1104.150000,1109.850000,1103.750000,0
XPTUSD.,1471996229,1105.170000,1104.150000,1109.850000,1103.750000,0
XPTUSD.,1471996229,1105.170000,1104.150000,1109.850000,1103.750000,0
XPTUSD.,1471996229,1105.170000,1104.150000,1109.850000,1103.750000,0
XPTUSD.,1471996244,1105.170000,1104.150000,1109.850000,1103.750000,0
XPTUSD.,1471996244,1105.170000,1104.150000,1109.850000,1103.750000,0
XPTUSD.,1471996244,1105.170000,1104.150000,1109.850000,1103.750000,0
XPTUSD.,1471996244,1105.170000,1104.150000,1109.850000,1103.750000,0
XPTUSD.,1471996244,1105.170000,1104.150000,1109.850000,1103.750000,0
XPTUSD.,1471996250,1105.170000,1104.150000,1109.850000,1103.750000,0
XPTUSD.,1471996250,1105.170000,1104.150000,1109.850000,1103.750000,0
XPTUSD.,1471996250,1105.170000,1104.150000,1109.850000,1103.750000,0
XPTUSD.,1471996250,1105.170000,1104.150000,1109.850000,1103.750000,0
XPTUSD.,1471996250,1105.170000,1104.150000,1109.850000,1103.750000,0
XPTUSD.,1471996257,1105.170000,1104.150000,1109.850000,1103.750000,0
XPTUSD.,1471996257,1105.170000,1104.150000,1109.850000,1103.750000,0
XPTUSD.,1471996257,1105.170000,1104.150000,1109.850000,1103.750000,0
XPTUSD.,1471996257,1105.170000,1104.150000,1109.850000,1103.750000,0
XPTUSD.,1471996257,1105.170000,1104.150000,1109.850000,1103.750000,0
XPTUSD.,1471996266,1105.170000,1104.150000,1109.850000,1103.750000,0
XPTUSD.,1471996266,1105.170000,1104.150000,1109.850000,1103.750000,0
XPTUSD.,1471996266,1105.170000,1104.150000,1109.850000,1103.750000,0
XPTUSD.,1471996266,1105.170000,1104.150000,1109.850000,1103.750000,0
XPTUSD.,1471996266,1105.170000,1104.150000,1109.850000,1103.750000,0
XPTUSD.,1471996271,1105.170000,1104.150000,1109.850000,1103.750000,0
XPTUSD.,1471996271,1105.170000,1104.150000,1109.850000,1103.750000,0
XPTUSD.,1471996271,1105.170000,1104.150000,1109.850000,1103.750000,0
XPTUSD.,1471996271,1105.170000,1104.150000,1109.850000,1103.750000,0
XPTUSD.,1471996271,1105.170000,1104.150000,1109.850000,1103.750000,0
XPTUSD.,1471996277,1105.170000,1104.150000,1109.850000,1103.750000,0
XPTUSD.,1471996277,1105.170000,1104.150000,1109.850000,1103.750000,0
XPTUSD.,1471996277,1105.170000,1104.150000,1109.850000,1103.750000,0
XPTUSD.,1471996277,1105.170000,1104.150000,1109.850000,1103.750000,0
XPTUSD.,1471996277,1105.170000,1104.150000,1109.850000,1103.750000,0
XPTUSD.,1471996286,1105.170000,1104.150000,1109.850000,1103.750000,0
XPTUSD.,1471996286,1105.170000,1104.150000,1109.850000,1103.750000,0
XPTUSD.,1471996286,1105.170000,1104.150000,1109.850000,1103.750000,0
XPTUSD.,1471996286,1105.170000,1104.150000,1109.850000,1103.750000,0
XPTUSD.,1471996286,1105.170000,1104.150000,1109.850000,1103.750000,0
XPTUSD.,1471996294,1105.170000,1104.150000,1109.850000,1103.750000,0
XPTUSD.,1471996294,1105.170000,1104.150000,1109.850000,1103.750000,0
XPTUSD.,1471996294,1105.170000,1104.150000,1109.850000,1103.750000,0
XPTUSD.,1471996294,1105.170000,1104.150000,1109.850000,1103.750000,0
XPTUSD.,1471996294,1105.170000,1104.150000,1109.850000,1103.750000,0
XPTUSD.,1471996302,1105.170000,1104.150000,1109.850000,1103.750000,0
XPTUSD.,1471996302,1105.170000,1104.150000,1109.850000,1103.750000,0
XPTUSD.,1471996302,1105.170000,1104.150000,1109.850000,1103.750000,0
XPTUSD.,1471996302,1105.170000,1104.150000,1109.850000,1103.750000,0
XPTUSD.,1471996302,1105.170000,1104.150000,1109.850000,1103.750000,0
XPTUSD.,1471996323,1105.170000,1104.120000,1109.850000,1103.750000,0
XPTUSD.,1471996323,1105.170000,1104.120000,1109.850000,1103.750000,0
XPTUSD.,1471996323,1105.170000,1104.120000,1109.850000,1103.750000,0
XPTUSD.,1471996323,1105.170000,1104.120000,1109.850000,1103.750000,0
XPTUSD.,1471996323,1105.170000,1104.120000,1109.850000,1103.750000,0
XPTUSD.,1471996359,1105.170000,1104.150000,1109.850000,1103.750000,0
XPTUSD.,1471996359,1105.170000,1104.150000,1109.850000,1103.750000,0
XPTUSD.,1471996359,1105.170000,1104.150000,1109.850000,1103.750000,0
XPTUSD.,1471996359,1105.170000,1104.150000,1109.850000,1103.750000,0
XPTUSD.,1471996359,1105.170000,1104.150000,1109.850000,1103.750000,0
XPTUSD.,1471996366,1105.170000,1104.150000,1109.850000,1103.750000,0
XPTUSD.,1471996366,1105.170000,1104.150000,1109.850000,1103.750000,0
XPTUSD.,1471996366,1105.170000,1104.150000,1109.850000,1103.750000,0
XPTUSD.,1471996366,1105.170000,1104.150000,1109.850000,1103.750000,0
XPTUSD.,1471996366,1105.170000,1104.150000,1109.850000,1103.750000,0
XPTUSD.,1471996376,1105.310000,1104.240000,1109.850000,1103.750000,0
XPTUSD.,1471996376,1105.310000,1104.240000,1109.850000,1103.750000,0
XPTUSD.,1471996376,1105.310000,1104.240000,1109.850000,1103.750000,0
XPTUSD.,1471996376,1105.310000,1104.240000,1109.850000,1103.750000,0
XPTUSD.,1471996376,1105.310000,1104.240000,1109.850000,1103.750000,0
XPTUSD.,1471996399,1105.310000,1104.260000,1109.850000,1103.750000,0
XPTUSD.,1471996399,1105.310000,1104.260000,1109.850000,1103.750000,0
XPTUSD.,1471996399,1105.310000,1104.260000,1109.850000,1103.750000,0
XPTUSD.,1471996399,1105.310000,1104.260000,1109.850000,1103.750000,0
XPTUSD.,1471996399,1105.310000,1104.260000,1109.850000,1103.750000,0
XPTUSD.,1471996426,1105.310000,1104.270000,1109.850000,1103.750000,0
XPTUSD.,1471996426,1105.310000,1104.270000,1109.850000,1103.750000,0
XPTUSD.,1471996426,1105.310000,1104.270000,1109.850000,1103.750000,0
XPTUSD.,1471996426,1105.310000,1104.270000,1109.850000,1103.750000,0
XPTUSD.,1471996426,1105.310000,1104.270000,1109.850000,1103.750000,0
XPTUSD.,1471996432,1105.310000,1104.180000,1109.850000,1103.750000,0
XPTUSD.,1471996432,1105.310000,1104.180000,1109.850000,1103.750000,0
XPTUSD.,1471996432,1105.310000,1104.180000,1109.850000,1103.750000,0
XPTUSD.,1471996432,1105.310000,1104.180000,1109.850000,1103.750000,0
XPTUSD.,1471996432,1105.310000,1104.180000,1109.850000,1103.750000,0
XPTUSD.,1471996492,1105.510000,1104.400000,1109.850000,1103.750000,0
XPTUSD.,1471996492,1105.510000,1104.400000,1109.850000,1103.750000,0
XPTUSD.,1471996492,1105.510000,1104.400000,1109.850000,1103.750000,0
XPTUSD.,1471996492,1105.510000,1104.400000,1109.850000,1103.750000,0
XPTUSD.,1471996492,1105.510000,1104.400000,1109.850000,1103.750000,0
XPTUSD.,1471996505,1105.600000,1104.570000,1109.850000,1103.750000,0
XPTUSD.,1471996505,1105.600000,1104.570000,1109.850000,1103.750000,0
XPTUSD.,1471996505,1105.600000,1104.570000,1109.850000,1103.750000,0
XPTUSD.,1471996505,1105.600000,1104.570000,1109.850000,1103.750000,0
XPTUSD.,1471996505,1105.600000,1104.570000,1109.850000,1103.750000,0
XPTUSD.,1471996506,1105.600000,1104.560000,1109.850000,1103.750000,0
XPTUSD.,1471996506,1105.600000,1104.560000,1109.850000,1103.750000,0
XPTUSD.,1471996506,1105.600000,1104.560000,1109.850000,1103.750000,0
XPTUSD.,1471996506,1105.600000,1104.560000,1109.850000,1103.750000,0
XPTUSD.,1471996506,1105.600000,1104.560000,1109.850000,1103.750000,0
XPTUSD.,1471996511,1105.600000,1104.570000,1109.850000,1103.750000,0
XPTUSD.,1471996511,1105.600000,1104.570000,1109.850000,1103.750000,0
XPTUSD.,1471996511,1105.600000,1104.570000,1109.850000,1103.750000,0
XPTUSD.,1471996511,1105.600000,1104.570000,1109.850000,1103.750000,0
XPTUSD.,1471996511,1105.600000,1104.570000,1109.850000,1103.750000,0
XPTUSD.,1471996551,1105.410000,1104.490000,1109.850000,1103.750000,0
XPTUSD.,1471996551,1105.410000,1104.490000,1109.850000,1103.750000,0
XPTUSD.,1471996551,1105.410000,1104.490000,1109.850000,1103.750000,0
XPTUSD.,1471996551,1105.410000,1104.490000,1109.850000,1103.750000,0
XPTUSD.,1471996551,1105.410000,1104.490000,1109.850000,1103.750000,0
XPTUSD.,1471996567,1105.410000,1104.490000,1109.850000,1103.750000,0
XPTUSD.,1471996567,1105.410000,1104.490000,1109.850000,1103.750000,0
XPTUSD.,1471996567,1105.410000,1104.490000,1109.850000,1103.750000,0
XPTUSD.,1471996567,1105.410000,1104.490000,1109.850000,1103.750000,0
XPTUSD.,1471996567,1105.410000,1104.490000,1109.850000,1103.750000,0
XPTUSD.,1471996920,1105.410000,1104.470000,1109.850000,1103.750000,0
XPTUSD.,1471996920,1105.410000,1104.470000,1109.850000,1103.750000,0
XPTUSD.,1471996920,1105.410000,1104.470000,1109.850000,1103.750000,0
XPTUSD.,1471996920,1105.410000,1104.470000,1109.850000,1103.750000,0
XPTUSD.,1471996920,1105.410000,1104.470000,1109.850000,1103.750000,0
XPTUSD.,1471997139,1105.590000,1104.660000,1109.850000,1103.750000,0
XPTUSD.,1471997139,1105.590000,1104.660000,1109.850000,1103.750000,0
XPTUSD.,1471997139,1105.590000,1104.660000,1109.850000,1103.750000,0
XPTUSD.,1471997139,1105.590000,1104.660000,1109.850000,1103.750000,0
XPTUSD.,1471997139,1105.590000,1104.660000,1109.850000,1103.750000,0
XPTUSD.,1471997201,1105.590000,1104.670000,1109.850000,1103.750000,0
XPTUSD.,1471997201,1105.590000,1104.670000,1109.850000,1103.750000,0
XPTUSD.,1471997201,1105.590000,1104.670000,1109.850000,1103.750000,0
XPTUSD.,1471997201,1105.590000,1104.670000,1109.850000,1103.750000,0
XPTUSD.,1471997201,1105.590000,1104.670000,1109.850000,1103.750000,0
XPTUSD.,1471997230,1105.500000,1104.560000,1109.850000,1103.750000,0
XPTUSD.,1471997230,1105.500000,1104.560000,1109.850000,1103.750000,0
XPTUSD.,1471997230,1105.500000,1104.560000,1109.850000,1103.750000,0
XPTUSD.,1471997230,1105.500000,1104.560000,1109.850000,1103.750000,0
XPTUSD.,1471997230,1105.500000,1104.560000,1109.850000,1103.750000,0
XPTUSD.,1471997236,1105.500000,1104.540000,1109.850000,1103.750000,0
XPTUSD.,1471997236,1105.500000,1104.540000,1109.850000,1103.750000,0
XPTUSD.,1471997236,1105.500000,1104.540000,1109.850000,1103.750000,0
XPTUSD.,1471997236,1105.500000,1104.540000,1109.850000,1103.750000,0
XPTUSD.,1471997236,1105.500000,1104.540000,1109.850000,1103.750000,0
XPTUSD.,1471997285,1105.500000,1104.490000,1109.850000,1103.750000,0
XPTUSD.,1471997285,1105.500000,1104.490000,1109.850000,1103.750000,0
XPTUSD.,1471997285,1105.500000,1104.490000,1109.850000,1103.750000,0
XPTUSD.,1471997285,1105.500000,1104.490000,1109.850000,1103.750000,0
XPTUSD.,1471997285,1105.500000,1104.490000,1109.850000,1103.750000,0
XPTUSD.,1471997355,1105.500000,1104.500000,1109.850000,1103.750000,0
XPTUSD.,1471997355,1105.500000,1104.500000,1109.850000,1103.750000,0
XPTUSD.,1471997355,1105.500000,1104.500000,1109.850000,1103.750000,0
XPTUSD.,1471997355,1105.500000,1104.500000,1109.850000,1103.750000,0
XPTUSD.,1471997355,1105.500000,1104.500000,1109.850000,1103.750000,0
XPTUSD.,1471997366,1105.500000,1104.500000,1109.850000,1103.750000,0
XPTUSD.,1471997366,1105.500000,1104.500000,1109.850000,1103.750000,0
XPTUSD.,1471997366,1105.500000,1104.500000,1109.850000,1103.750000,0
XPTUSD.,1471997366,1105.500000,1104.500000,1109.850000,1103.750000,0
XPTUSD.,1471997366,1105.500000,1104.500000,1109.850000,1103.750000,0
XPTUSD.,1471997438,1105.500000,1104.480000,1109.850000,1103.750000,0
XPTUSD.,1471997438,1105.500000,1104.480000,1109.850000,1103.750000,0
XPTUSD.,1471997438,1105.500000,1104.480000,1109.850000,1103.750000,0
XPTUSD.,1471997438,1105.500000,1104.480000,1109.850000,1103.750000,0
XPTUSD.,1471997438,1105.500000,1104.480000,1109.850000,1103.750000,0
XPTUSD.,1471997467,1105.500000,1104.520000,1109.850000,1103.750000,0
XPTUSD.,1471997467,1105.500000,1104.520000,1109.850000,1103.750000,0
XPTUSD.,1471997467,1105.500000,1104.520000,1109.850000,1103.750000,0
XPTUSD.,1471997467,1105.500000,1104.520000,1109.850000,1103.750000,0
XPTUSD.,1471997467,1105.500000,1104.520000,1109.850000,1103.750000,0
XPTUSD.,1471997471,1105.500000,1104.510000,1109.850000,1103.750000,0
XPTUSD.,1471997471,1105.500000,1104.510000,1109.850000,1103.750000,0
XPTUSD.,1471997471,1105.500000,1104.510000,1109.850000,1103.750000,0
XPTUSD.,1471997471,1105.500000,1104.510000,1109.850000,1103.750000,0
XPTUSD.,1471997471,1105.500000,1104.510000,1109.850000,1103.750000,0
XPTUSD.,1471997476,1105.500000,1104.520000,1109.850000,1103.750000,0
XPTUSD.,1471997476,1105.500000,1104.520000,1109.850000,1103.750000,0
XPTUSD.,1471997476,1105.500000,1104.520000,1109.850000,1103.750000,0
XPTUSD.,1471997476,1105.500000,1104.520000,1109.850000,1103.750000,0
XPTUSD.,1471997476,1105.500000,1104.520000,1109.850000,1103.750000,0
XPTUSD.,1471997504,1105.620000,1104.660000,1109.850000,1103.750000,0
XPTUSD.,1471997504,1105.620000,1104.660000,1109.850000,1103.750000,0
XPTUSD.,1471997504,1105.620000,1104.660000,1109.850000,1103.750000,0
XPTUSD.,1471997504,1105.620000,1104.660000,1109.850000,1103.750000,0
XPTUSD.,1471997504,1105.620000,1104.660000,1109.850000,1103.750000,0
XPTUSD.,1471997508,1105.620000,1104.720000,1109.850000,1103.750000,0
XPTUSD.,1471997508,1105.620000,1104.720000,1109.850000,1103.750000,0
XPTUSD.,1471997508,1105.620000,1104.720000,1109.850000,1103.750000,0
XPTUSD.,1471997508,1105.620000,1104.720000,1109.850000,1103.750000,0
XPTUSD.,1471997508,1105.620000,1104.720000,1109.850000,1103.750000,0
XPTUSD.,1471997514,1105.710000,1104.770000,1109.850000,1103.750000,0
XPTUSD.,1471997514,1105.710000,1104.770000,1109.850000,1103.750000,0
XPTUSD.,1471997514,1105.710000,1104.770000,1109.850000,1103.750000,0
XPTUSD.,1471997514,1105.710000,1104.770000,1109.850000,1103.750000,0
XPTUSD.,1471997514,1105.710000,1104.770000,1109.850000,1103.750000,0
XPTUSD.,1471997525,1105.710000,1104.720000,1109.850000,1103.750000,0
XPTUSD.,1471997525,1105.710000,1104.720000,1109.850000,1103.750000,0
XPTUSD.,1471997525,1105.710000,1104.720000,1109.850000,1103.750000,0
XPTUSD.,1471997525,1105.710000,1104.720000,1109.850000,1103.750000,0
XPTUSD.,1471997525,1105.710000,1104.720000,1109.850000,1103.750000,0
XPTUSD.,1471997537,1105.710000,1104.790000,1109.850000,1103.750000,0
XPTUSD.,1471997537,1105.710000,1104.790000,1109.850000,1103.750000,0
XPTUSD.,1471997537,1105.710000,1104.790000,1109.850000,1103.750000,0
XPTUSD.,1471997537,1105.710000,1104.790000,1109.850000,1103.750000,0
XPTUSD.,1471997537,1105.710000,1104.790000,1109.850000,1103.750000,0
XPTUSD.,1471997561,1105.710000,1104.770000,1109.850000,1103.750000,0
XPTUSD.,1471997561,1105.710000,1104.770000,1109.850000,1103.750000,0
XPTUSD.,1471997561,1105.710000,1104.770000,1109.850000,1103.750000,0
XPTUSD.,1471997561,1105.710000,1104.770000,1109.850000,1103.750000,0
XPTUSD.,1471997561,1105.710000,1104.770000,1109.850000,1103.750000,0
XPTUSD.,1471997572,1105.880000,1104.870000,1109.850000,1103.750000,0
XPTUSD.,1471997572,1105.880000,1104.870000,1109.850000,1103.750000,0
XPTUSD.,1471997572,1105.880000,1104.870000,1109.850000,1103.750000,0
XPTUSD.,1471997572,1105.880000,1104.870000,1109.850000,1103.750000,0
XPTUSD.,1471997572,1105.880000,1104.870000,1109.850000,1103.750000,0
XPTUSD.,1471997572,1105.780000,1104.790000,1109.850000,1103.750000,0
XPTUSD.,1471997572,1105.780000,1104.790000,1109.850000,1103.750000,0
XPTUSD.,1471997572,1105.780000,1104.790000,1109.850000,1103.750000,0
XPTUSD.,1471997572,1105.780000,1104.790000,1109.850000,1103.750000,0
XPTUSD.,1471997572,1105.780000,1104.790000,1109.850000,1103.750000,0
XPTUSD.,1471997627,1105.700000,1104.660000,1109.850000,1103.750000,0
XPTUSD.,1471997627,1105.700000,1104.660000,1109.850000,1103.750000,0
XPTUSD.,1471997627,1105.700000,1104.660000,1109.850000,1103.750000,0
XPTUSD.,1471997627,1105.700000,1104.660000,1109.850000,1103.750000,0
XPTUSD.,1471997627,1105.700000,1104.660000,1109.850000,1103.750000,0
XPTUSD.,1471997631,1105.700000,1104.770000,1109.850000,1103.750000,0
XPTUSD.,1471997631,1105.700000,1104.770000,1109.850000,1103.750000,0
XPTUSD.,1471997631,1105.700000,1104.770000,1109.850000,1103.750000,0
XPTUSD.,1471997631,1105.700000,1104.770000,1109.850000,1103.750000,0
XPTUSD.,1471997631,1105.700000,1104.770000,1109.850000,1103.750000,0
XPTUSD.,1471997632,1105.700000,1104.720000,1109.850000,1103.750000,0
XPTUSD.,1471997632,1105.700000,1104.720000,1109.850000,1103.750000,0
XPTUSD.,1471997632,1105.700000,1104.720000,1109.850000,1103.750000,0
XPTUSD.,1471997632,1105.700000,1104.720000,1109.850000,1103.750000,0
XPTUSD.,1471997632,1105.700000,1104.720000,1109.850000,1103.750000,0
XPTUSD.,1471997634,1105.700000,1104.660000,1109.850000,1103.750000,0
XPTUSD.,1471997634,1105.700000,1104.660000,1109.850000,1103.750000,0
XPTUSD.,1471997634,1105.700000,1104.660000,1109.850000,1103.750000,0
XPTUSD.,1471997634,1105.700000,1104.660000,1109.850000,1103.750000,0
XPTUSD.,1471997634,1105.700000,1104.660000,1109.850000,1103.750000,0
XPTUSD.,1471997668,1105.700000,1104.770000,1109.850000,1103.750000,0
XPTUSD.,1471997668,1105.700000,1104.770000,1109.850000,1103.750000,0
XPTUSD.,1471997668,1105.700000,1104.770000,1109.850000,1103.750000,0
XPTUSD.,1471997668,1105.700000,1104.770000,1109.850000,1103.750000,0
XPTUSD.,1471997668,1105.700000,1104.770000,1109.850000,1103.750000,0
XPTUSD.,1471997747,1105.430000,1104.330000,1109.850000,1103.750000,0
XPTUSD.,1471997747,1105.430000,1104.330000,1109.850000,1103.750000,0
XPTUSD.,1471997747,1105.430000,1104.330000,1109.850000,1103.750000,0
XPTUSD.,1471997747,1105.430000,1104.330000,1109.850000,1103.750000,0
XPTUSD.,1471997747,1105.430000,1104.330000,1109.850000,1103.750000,0
XPTUSD.,1471998112,1105.100000,1104.140000,1109.850000,1103.750000,0
XPTUSD.,1471998112,1105.100000,1104.140000,1109.850000,1103.750000,0
XPTUSD.,1471998112,1105.100000,1104.140000,1109.850000,1103.750000,0
XPTUSD.,1471998112,1105.100000,1104.140000,1109.850000,1103.750000,0
XPTUSD.,1471998113,1105.100000,1104.140000,1109.850000,1103.750000,0
XPTUSD.,1471998212,1105.200000,1104.200000,1109.850000,1103.750000,0
XPTUSD.,1471998212,1105.200000,1104.200000,1109.850000,1103.750000,0
XPTUSD.,1471998212,1105.200000,1104.200000,1109.850000,1103.750000,0
XPTUSD.,1471998212,1105.200000,1104.200000,1109.850000,1103.750000,0
XPTUSD.,1471998212,1105.200000,1104.200000,1109.850000,1103.750000,0
XPTUSD.,1471998219,1105.580000,1104.650000,1109.850000,1103.750000,0
XPTUSD.,1471998219,1105.580000,1104.650000,1109.850000,1103.750000,0
XPTUSD.,1471998219,1105.580000,1104.650000,1109.850000,1103.750000,0
XPTUSD.,1471998219,1105.580000,1104.650000,1109.850000,1103.750000,0
XPTUSD.,1471998219,1105.580000,1104.650000,1109.850000,1103.750000,0
XPTUSD.,1471998399,1105.590000,1104.490000,1109.850000,1103.750000,0
XPTUSD.,1471998399,1105.590000,1104.490000,1109.850000,1103.750000,0
XPTUSD.,1471998399,1105.590000,1104.490000,1109.850000,1103.750000,0
XPTUSD.,1471998399,1105.590000,1104.490000,1109.850000,1103.750000,0
XPTUSD.,1471998399,1105.590000,1104.490000,1109.850000,1103.750000,0
XPTUSD.,1471998421,1105.590000,1104.520000,1109.850000,1103.750000,0
XPTUSD.,1471998421,1105.590000,1104.520000,1109.850000,1103.750000,0
XPTUSD.,1471998421,1105.590000,1104.520000,1109.850000,1103.750000,0
XPTUSD.,1471998421,1105.590000,1104.520000,1109.850000,1103.750000,0
XPTUSD.,1471998421,1105.590000,1104.520000,1109.850000,1103.750000,0
XPTUSD.,1471998424,1105.590000,1104.490000,1109.850000,1103.750000,0
XPTUSD.,1471998424,1105.590000,1104.490000,1109.850000,1103.750000,0
XPTUSD.,1471998424,1105.590000,1104.490000,1109.850000,1103.750000,0
XPTUSD.,1471998424,1105.590000,1104.490000,1109.850000,1103.750000,0
XPTUSD.,1471998424,1105.590000,1104.490000,1109.850000,1103.750000,0
XPTUSD.,1471998637,1105.840000,1104.750000,1109.850000,1103.750000,0
XPTUSD.,1471998637,1105.840000,1104.750000,1109.850000,1103.750000,0
XPTUSD.,1471998637,1105.840000,1104.750000,1109.850000,1103.750000,0
XPTUSD.,1471998637,1105.840000,1104.750000,1109.850000,1103.750000,0
XPTUSD.,1471998637,1105.840000,1104.750000,1109.850000,1103.750000,0
XPTUSD.,1471998639,1105.840000,1104.730000,1109.850000,1103.750000,0
XPTUSD.,1471998639,1105.840000,1104.730000,1109.850000,1103.750000,0
XPTUSD.,1471998639,1105.840000,1104.730000,1109.850000,1103.750000,0
XPTUSD.,1471998639,1105.840000,1104.730000,1109.850000,1103.750000,0
XPTUSD.,1471998639,1105.840000,1104.730000,1109.850000,1103.750000,0
XPTUSD.,1471998646,1105.840000,1104.720000,1109.850000,1103.750000,0
XPTUSD.,1471998646,1105.840000,1104.720000,1109.850000,1103.750000,0
XPTUSD.,1471998646,1105.840000,1104.720000,1109.850000,1103.750000,0
XPTUSD.,1471998646,1105.840000,1104.720000,1109.850000,1103.750000,0
XPTUSD.,1471998646,1105.840000,1104.720000,1109.850000,1103.750000,0
XPTUSD.,1471998646,1105.840000,1104.740000,1109.850000,1103.750000,0
XPTUSD.,1471998646,1105.840000,1104.740000,1109.850000,1103.750000,0
XPTUSD.,1471998646,1105.840000,1104.740000,1109.850000,1103.750000,0
XPTUSD.,1471998646,1105.840000,1104.740000,1109.850000,1103.750000,0
XPTUSD.,1471998646,1105.840000,1104.740000,1109.850000,1103.750000,0
XPTUSD.,1471998658,1105.840000,1104.710000,1109.850000,1103.750000,0
XPTUSD.,1471998658,1105.840000,1104.710000,1109.850000,1103.750000,0
XPTUSD.,1471998658,1105.840000,1104.710000,1109.850000,1103.750000,0
XPTUSD.,1471998658,1105.840000,1104.710000,1109.850000,1103.750000,0
XPTUSD.,1471998658,1105.840000,1104.710000,1109.850000,1103.750000,0
XPTUSD.,1471998666,1105.840000,1104.740000,1109.850000,1103.750000,0
XPTUSD.,1471998666,1105.840000,1104.740000,1109.850000,1103.750000,0
XPTUSD.,1471998666,1105.840000,1104.740000,1109.850000,1103.750000,0
XPTUSD.,1471998666,1105.840000,1104.740000,1109.850000,1103.750000,0
XPTUSD.,1471998666,1105.840000,1104.740000,1109.850000,1103.750000,0
XPTUSD.,1471998759,1105.560000,1104.580000,1109.850000,1103.750000,0
XPTUSD.,1471998759,1105.560000,1104.580000,1109.850000,1103.750000,0
XPTUSD.,1471998759,1105.560000,1104.580000,1109.850000,1103.750000,0
XPTUSD.,1471998760,1105.560000,1104.580000,1109.850000,1103.750000,0
XPTUSD.,1471998760,1105.560000,1104.580000,1109.850000,1103.750000,0
XPTUSD.,1471998762,1105.650000,1104.620000,1109.850000,1103.750000,0
XPTUSD.,1471998762,1105.650000,1104.620000,1109.850000,1103.750000,0
XPTUSD.,1471998762,1105.650000,1104.620000,1109.850000,1103.750000,0
XPTUSD.,1471998762,1105.650000,1104.620000,1109.850000,1103.750000,0
XPTUSD.,1471998762,1105.650000,1104.620000,1109.850000,1103.750000,0
XPTUSD.,1471998763,1105.650000,1104.660000,1109.850000,1103.750000,0
XPTUSD.,1471998763,1105.650000,1104.660000,1109.850000,1103.750000,0
XPTUSD.,1471998763,1105.650000,1104.660000,1109.850000,1103.750000,0
XPTUSD.,1471998763,1105.650000,1104.660000,1109.850000,1103.750000,0
XPTUSD.,1471998763,1105.650000,1104.660000,1109.850000,1103.750000,0
XPTUSD.,1471998846,1105.750000,1104.660000,1109.850000,1103.750000,0
XPTUSD.,1471998846,1105.750000,1104.660000,1109.850000,1103.750000,0
XPTUSD.,1471998846,1105.750000,1104.660000,1109.850000,1103.750000,0
XPTUSD.,1471998846,1105.750000,1104.660000,1109.850000,1103.750000,0
XPTUSD.,1471998846,1105.750000,1104.660000,1109.850000,1103.750000,0
XPTUSD.,1471998980,1105.750000,1104.660000,1109.850000,1103.750000,0
XPTUSD.,1471998980,1105.750000,1104.660000,1109.850000,1103.750000,0
XPTUSD.,1471998980,1105.750000,1104.660000,1109.850000,1103.750000,0
XPTUSD.,1471998980,1105.750000,1104.660000,1109.850000,1103.750000,0
XPTUSD.,1471998980,1105.750000,1104.660000,1109.850000,1103.750000,0
XPTUSD.,1471998993,1105.750000,1104.690000,1109.850000,1103.750000,0
XPTUSD.,1471998993,1105.750000,1104.690000,1109.850000,1103.750000,0
XPTUSD.,1471998993,1105.750000,1104.690000,1109.850000,1103.750000,0
XPTUSD.,1471998993,1105.750000,1104.690000,1109.850000,1103.750000,0
XPTUSD.,1471998993,1105.750000,1104.690000,1109.850000,1103.750000,0
XPTUSD.,1471999020,1105.750000,1104.720000,1109.850000,1103.750000,0
XPTUSD.,1471999020,1105.750000,1104.720000,1109.850000,1103.750000,0
XPTUSD.,1471999020,1105.750000,1104.720000,1109.850000,1103.750000,0
XPTUSD.,1471999020,1105.750000,1104.720000,1109.850000,1103.750000,0
XPTUSD.,1471999020,1105.750000,1104.720000,1109.850000,1103.750000,0
XPTUSD.,1471999021,1105.750000,1104.690000,1109.850000,1103.750000,0
XPTUSD.,1471999021,1105.750000,1104.690000,1109.850000,1103.750000,0
XPTUSD.,1471999021,1105.750000,1104.690000,1109.850000,1103.750000,0
XPTUSD.,1471999021,1105.750000,1104.690000,1109.850000,1103.750000,0
XPTUSD.,1471999021,1105.750000,1104.690000,1109.850000,1103.750000,0
XPTUSD.,1471999022,1105.750000,1104.670000,1109.850000,1103.750000,0
XPTUSD.,1471999022,1105.750000,1104.670000,1109.850000,1103.750000,0
XPTUSD.,1471999022,1105.750000,1104.670000,1109.850000,1103.750000,0
XPTUSD.,1471999022,1105.750000,1104.670000,1109.850000,1103.750000,0
XPTUSD.,1471999022,1105.750000,1104.670000,1109.850000,1103.750000,0
XPTUSD.,1471999047,1105.750000,1104.690000,1109.850000,1103.750000,0
XPTUSD.,1471999047,1105.750000,1104.690000,1109.850000,1103.750000,0
XPTUSD.,1471999047,1105.750000,1104.690000,1109.850000,1103.750000,0
XPTUSD.,1471999047,1105.750000,1104.690000,1109.850000,1103.750000,0
XPTUSD.,1471999047,1105.750000,1104.690000,1109.850000,1103.750000,0
XPTUSD.,1471999062,1105.750000,1104.660000,1109.850000,1103.750000,0
XPTUSD.,1471999062,1105.750000,1104.660000,1109.850000,1103.750000,0
XPTUSD.,1471999062,1105.750000,1104.660000,1109.850000,1103.750000,0
XPTUSD.,1471999062,1105.750000,1104.660000,1109.850000,1103.750000,0
XPTUSD.,1471999062,1105.750000,1104.660000,1109.850000,1103.750000,0
XPTUSD.,1471999063,1105.750000,1104.670000,1109.850000,1103.750000,0
XPTUSD.,1471999063,1105.750000,1104.670000,1109.850000,1103.750000,0
XPTUSD.,1471999063,1105.750000,1104.670000,1109.850000,1103.750000,0
XPTUSD.,1471999063,1105.750000,1104.670000,1109.850000,1103.750000,0
XPTUSD.,1471999063,1105.750000,1104.670000,1109.850000,1103.750000,0
XPTUSD.,1471999064,1105.750000,1104.660000,1109.850000,1103.750000,0
XPTUSD.,1471999064,1105.750000,1104.660000,1109.850000,1103.750000,0
XPTUSD.,1471999064,1105.750000,1104.660000,1109.850000,1103.750000,0
XPTUSD.,1471999064,1105.750000,1104.660000,1109.850000,1103.750000,0
XPTUSD.,1471999064,1105.750000,1104.660000,1109.850000,1103.750000,0
XPTUSD.,1471999066,1105.750000,1104.670000,1109.850000,1103.750000,0
XPTUSD.,1471999066,1105.750000,1104.670000,1109.850000,1103.750000,0
XPTUSD.,1471999066,1105.750000,1104.670000,1109.850000,1103.750000,0
XPTUSD.,1471999066,1105.750000,1104.670000,1109.850000,1103.750000,0
XPTUSD.,1471999066,1105.750000,1104.670000,1109.850000,1103.750000,0
XPTUSD.,1471999067,1105.750000,1104.660000,1109.850000,1103.750000,0
XPTUSD.,1471999067,1105.750000,1104.660000,1109.850000,1103.750000,0
XPTUSD.,1471999067,1105.750000,1104.660000,1109.850000,1103.750000,0
XPTUSD.,1471999067,1105.750000,1104.660000,1109.850000,1103.750000,0
XPTUSD.,1471999067,1105.750000,1104.660000,1109.850000,1103.750000,0
XPTUSD.,1471999097,1105.750000,1104.690000,1109.850000,1103.750000,0
XPTUSD.,1471999097,1105.750000,1104.690000,1109.850000,1103.750000,0
XPTUSD.,1471999097,1105.750000,1104.690000,1109.850000,1103.750000,0
XPTUSD.,1471999097,1105.750000,1104.690000,1109.850000,1103.750000,0
XPTUSD.,1471999097,1105.750000,1104.690000,1109.850000,1103.750000,0
XPTUSD.,1471999099,1105.750000,1104.670000,1109.850000,1103.750000,0
XPTUSD.,1471999099,1105.750000,1104.670000,1109.850000,1103.750000,0
XPTUSD.,1471999099,1105.750000,1104.670000,1109.850000,1103.750000,0
XPTUSD.,1471999099,1105.750000,1104.670000,1109.850000,1103.750000,0
XPTUSD.,1471999099,1105.750000,1104.670000,1109.850000,1103.750000,0
XPTUSD.,1471999140,1105.850000,1104.820000,1109.850000,1103.750000,0
XPTUSD.,1471999140,1105.850000,1104.820000,1109.850000,1103.750000,0
XPTUSD.,1471999140,1105.850000,1104.820000,1109.850000,1103.750000,0
XPTUSD.,1471999140,1105.850000,1104.820000,1109.850000,1103.750000,0
XPTUSD.,1471999140,1105.850000,1104.820000,1109.850000,1103.750000,0
XPTUSD.,1471999141,1105.850000,1104.880000,1109.850000,1103.750000,0
XPTUSD.,1471999141,1105.850000,1104.880000,1109.850000,1103.750000,0
XPTUSD.,1471999141,1105.850000,1104.880000,1109.850000,1103.750000,0
XPTUSD.,1471999141,1105.850000,1104.880000,1109.850000,1103.750000,0
XPTUSD.,1471999141,1105.850000,1104.880000,1109.850000,1103.750000,0
XPTUSD.,1471999145,1105.850000,1104.910000,1109.850000,1103.750000,0
XPTUSD.,1471999145,1105.850000,1104.910000,1109.850000,1103.750000,0
XPTUSD.,1471999145,1105.850000,1104.910000,1109.850000,1103.750000,0
XPTUSD.,1471999145,1105.850000,1104.910000,1109.850000,1103.750000,0
XPTUSD.,1471999145,1105.850000,1104.910000,1109.850000,1103.750000,0
XPTUSD.,1471999174,1105.850000,1104.810000,1109.850000,1103.750000,0
XPTUSD.,1471999174,1105.850000,1104.810000,1109.850000,1103.750000,0
XPTUSD.,1471999174,1105.850000,1104.810000,1109.850000,1103.750000,0
XPTUSD.,1471999174,1105.850000,1104.810000,1109.850000,1103.750000,0
XPTUSD.,1471999174,1105.850000,1104.810000,1109.850000,1103.750000,0
XPTUSD.,1471999181,1105.850000,1104.770000,1109.850000,1103.750000,0
XPTUSD.,1471999181,1105.850000,1104.770000,1109.850000,1103.750000,0
XPTUSD.,1471999181,1105.850000,1104.770000,1109.850000,1103.750000,0
XPTUSD.,1471999181,1105.850000,1104.770000,1109.850000,1103.750000,0
XPTUSD.,1471999181,1105.850000,1104.770000,1109.850000,1103.750000,0
XPTUSD.,1471999187,1105.760000,1104.770000,1109.850000,1103.750000,0
XPTUSD.,1471999187,1105.760000,1104.770000,1109.850000,1103.750000,0
XPTUSD.,1471999187,1105.760000,1104.770000,1109.850000,1103.750000,0
XPTUSD.,1471999187,1105.760000,1104.770000,1109.850000,1103.750000,0
XPTUSD.,1471999187,1105.760000,1104.770000,1109.850000,1103.750000,0
XPTUSD.,1471999188,1105.850000,1104.800000,1109.850000,1103.750000,0
XPTUSD.,1471999188,1105.850000,1104.800000,1109.850000,1103.750000,0
XPTUSD.,1471999188,1105.850000,1104.800000,1109.850000,1103.750000,0
XPTUSD.,1471999188,1105.850000,1104.800000,1109.850000,1103.750000,0
XPTUSD.,1471999188,1105.850000,1104.800000,1109.850000,1103.750000,0
XPTUSD.,1471999193,1105.850000,1104.790000,1109.850000,1103.750000,0
XPTUSD.,1471999193,1105.850000,1104.790000,1109.850000,1103.750000,0
XPTUSD.,1471999193,1105.850000,1104.790000,1109.850000,1103.750000,0
XPTUSD.,1471999193,1105.850000,1104.790000,1109.850000,1103.750000,0
XPTUSD.,1471999193,1105.850000,1104.790000,1109.850000,1103.750000,0
XPTUSD.,1471999250,1105.850000,1104.810000,1109.850000,1103.750000,0
XPTUSD.,1471999250,1105.850000,1104.810000,1109.850000,1103.750000,0
XPTUSD.,1471999250,1105.850000,1104.810000,1109.850000,1103.750000,0
XPTUSD.,1471999250,1105.850000,1104.810000,1109.850000,1103.750000,0
XPTUSD.,1471999250,1105.850000,1104.810000,1109.850000,1103.750000,0
XPTUSD.,1471999250,1105.940000,1104.850000,1109.850000,1103.750000,0
XPTUSD.,1471999250,1105.940000,1104.850000,1109.850000,1103.750000,0
XPTUSD.,1471999250,1105.940000,1104.850000,1109.850000,1103.750000,0
XPTUSD.,1471999250,1105.940000,1104.850000,1109.850000,1103.750000,0
XPTUSD.,1471999250,1105.940000,1104.850000,1109.850000,1103.750000,0
XPTUSD.,1471999250,1105.850000,1104.880000,1109.850000,1103.750000,0
XPTUSD.,1471999250,1105.850000,1104.880000,1109.850000,1103.750000,0
XPTUSD.,1471999250,1105.850000,1104.880000,1109.850000,1103.750000,0
XPTUSD.,1471999250,1105.850000,1104.880000,1109.850000,1103.750000,0
XPTUSD.,1471999251,1105.850000,1104.880000,1109.850000,1103.750000,0
XPTUSD.,1471999254,1105.850000,1104.870000,1109.850000,1103.750000,0
XPTUSD.,1471999254,1105.850000,1104.870000,1109.850000,1103.750000,0
XPTUSD.,1471999254,1105.850000,1104.870000,1109.850000,1103.750000,0
XPTUSD.,1471999254,1105.850000,1104.870000,1109.850000,1103.750000,0
XPTUSD.,1471999254,1105.850000,1104.870000,1109.850000,1103.750000,0
XPTUSD.,1471999258,1105.850000,1104.880000,1109.850000,1103.750000,0
XPTUSD.,1471999258,1105.850000,1104.880000,1109.850000,1103.750000,0
XPTUSD.,1471999258,1105.850000,1104.880000,1109.850000,1103.750000,0
XPTUSD.,1471999258,1105.850000,1104.880000,1109.850000,1103.750000,0
XPTUSD.,1471999258,1105.850000,1104.880000,1109.850000,1103.750000,0
XPTUSD.,1471999321,1105.680000,1104.650000,1109.850000,1103.750000,0
XPTUSD.,1471999321,1105.680000,1104.650000,1109.850000,1103.750000,0
XPTUSD.,1471999321,1105.680000,1104.650000,1109.850000,1103.750000,0
XPTUSD.,1471999321,1105.680000,1104.650000,1109.850000,1103.750000,0
XPTUSD.,1471999321,1105.680000,1104.650000,1109.850000,1103.750000,0
XPTUSD.,1471999321,1105.680000,1104.630000,1109.850000,1103.750000,0
XPTUSD.,1471999321,1105.680000,1104.630000,1109.850000,1103.750000,0
XPTUSD.,1471999321,1105.680000,1104.630000,1109.850000,1103.750000,0
XPTUSD.,1471999321,1105.680000,1104.630000,1109.850000,1103.750000,0
XPTUSD.,1471999321,1105.680000,1104.630000,1109.850000,1103.750000,0
XPTUSD.,1471999323,1105.680000,1104.650000,1109.850000,1103.750000,0
XPTUSD.,1471999323,1105.680000,1104.650000,1109.850000,1103.750000,0
XPTUSD.,1471999323,1105.680000,1104.650000,1109.850000,1103.750000,0
XPTUSD.,1471999323,1105.680000,1104.650000,1109.850000,1103.750000,0
XPTUSD.,1471999323,1105.680000,1104.650000,1109.850000,1103.750000,0
XPTUSD.,1471999336,1105.770000,1104.780000,1109.850000,1103.750000,0
XPTUSD.,1471999336,1105.770000,1104.780000,1109.850000,1103.750000,0
XPTUSD.,1471999336,1105.770000,1104.780000,1109.850000,1103.750000,0
XPTUSD.,1471999336,1105.770000,1104.780000,1109.850000,1103.750000,0
XPTUSD.,1471999336,1105.770000,1104.780000,1109.850000,1103.750000,0
XPTUSD.,1471999467,1105.770000,1104.710000,1109.850000,1103.750000,0
XPTUSD.,1471999467,1105.770000,1104.710000,1109.850000,1103.750000,0
XPTUSD.,1471999467,1105.770000,1104.710000,1109.850000,1103.750000,0
XPTUSD.,1471999467,1105.770000,1104.710000,1109.850000,1103.750000,0
XPTUSD.,1471999467,1105.770000,1104.710000,1109.850000,1103.750000,0
XPTUSD.,1471999469,1105.770000,1104.690000,1109.850000,1103.750000,0
XPTUSD.,1471999469,1105.770000,1104.690000,1109.850000,1103.750000,0
XPTUSD.,1471999469,1105.770000,1104.690000,1109.850000,1103.750000,0
XPTUSD.,1471999469,1105.770000,1104.690000,1109.850000,1103.750000,0
XPTUSD.,1471999469,1105.770000,1104.690000,1109.850000,1103.750000,0
XPTUSD.,1471999491,1105.700000,1104.600000,1109.850000,1103.750000,0
XPTUSD.,1471999491,1105.700000,1104.600000,1109.850000,1103.750000,0
XPTUSD.,1471999491,1105.700000,1104.600000,1109.850000,1103.750000,0
XPTUSD.,1471999491,1105.700000,1104.600000,1109.850000,1103.750000,0
XPTUSD.,1471999491,1105.700000,1104.600000,1109.850000,1103.750000,0
XPTUSD.,1471999494,1105.590000,1104.550000,1109.850000,1103.750000,0
XPTUSD.,1471999494,1105.590000,1104.550000,1109.850000,1103.750000,0
XPTUSD.,1471999494,1105.590000,1104.550000,1109.850000,1103.750000,0
XPTUSD.,1471999494,1105.590000,1104.550000,1109.850000,1103.750000,0
XPTUSD.,1471999494,1105.590000,1104.550000,1109.850000,1103.750000,0
XPTUSD.,1471999500,1105.590000,1104.560000,1109.850000,1103.750000,0
XPTUSD.,1471999500,1105.590000,1104.560000,1109.850000,1103.750000,0
XPTUSD.,1471999500,1105.590000,1104.560000,1109.850000,1103.750000,0
XPTUSD.,1471999500,1105.590000,1104.560000,1109.850000,1103.750000,0
XPTUSD.,1471999500,1105.590000,1104.560000,1109.850000,1103.750000,0
XPTUSD.,1471999551,1105.590000,1104.540000,1109.850000,1103.750000,0
XPTUSD.,1471999551,1105.590000,1104.540000,1109.850000,1103.750000,0
XPTUSD.,1471999551,1105.590000,1104.540000,1109.850000,1103.750000,0
XPTUSD.,1471999551,1105.590000,1104.540000,1109.850000,1103.750000,0
XPTUSD.,1471999551,1105.590000,1104.540000,1109.850000,1103.750000,0
XPTUSD.,1471999757,1105.880000,1104.870000,1109.850000,1103.750000,0
XPTUSD.,1471999757,1105.880000,1104.870000,1109.850000,1103.750000,0
XPTUSD.,1471999757,1105.880000,1104.870000,1109.850000,1103.750000,0
XPTUSD.,1471999757,1105.880000,1104.870000,1109.850000,1103.750000,0
XPTUSD.,1471999757,1105.880000,1104.870000,1109.850000,1103.750000,0
XPTUSD.,1471999895,1105.710000,1104.730000,1109.850000,1103.750000,0
XPTUSD.,1471999895,1105.710000,1104.730000,1109.850000,1103.750000,0
XPTUSD.,1471999895,1105.710000,1104.730000,1109.850000,1103.750000,0
XPTUSD.,1471999895,1105.710000,1104.730000,1109.850000,1103.750000,0
XPTUSD.,1471999895,1105.710000,1104.730000,1109.850000,1103.750000,0
XPTUSD.,1471999948,1105.810000,1104.730000,1109.850000,1103.750000,0
XPTUSD.,1471999948,1105.810000,1104.730000,1109.850000,1103.750000,0
XPTUSD.,1471999948,1105.810000,1104.730000,1109.850000,1103.750000,0
XPTUSD.,1471999948,1105.810000,1104.730000,1109.850000,1103.750000,0
XPTUSD.,1471999948,1105.810000,1104.730000,1109.850000,1103.750000,0
XPTUSD.,1471999953,1105.810000,1104.870000,1109.850000,1103.750000,0
XPTUSD.,1471999953,1105.810000,1104.870000,1109.850000,1103.750000,0
XPTUSD.,1471999953,1105.810000,1104.870000,1109.850000,1103.750000,0
XPTUSD.,1471999953,1105.810000,1104.870000,1109.850000,1103.750000,0
XPTUSD.,1471999953,1105.810000,1104.870000,1109.850000,1103.750000,0
XPTUSD.,1472000043,1106.230000,1105.170000,1109.850000,1103.750000,0
XPTUSD.,1472000043,1106.230000,1105.170000,1109.850000,1103.750000,0
XPTUSD.,1472000043,1106.230000,1105.170000,1109.850000,1103.750000,0
XPTUSD.,1472000043,1106.230000,1105.170000,1109.850000,1103.750000,0
XPTUSD.,1472000043,1106.230000,1105.170000,1109.850000,1103.750000,0
XPTUSD.,1472000048,1105.920000,1104.910000,1109.850000,1103.750000,0
XPTUSD.,1472000048,1105.920000,1104.910000,1109.850000,1103.750000,0
XPTUSD.,1472000048,1105.920000,1104.910000,1109.850000,1103.750000,0
XPTUSD.,1472000048,1105.920000,1104.910000,1109.850000,1103.750000,0
XPTUSD.,1472000048,1105.920000,1104.910000,1109.850000,1103.750000,0
XPTUSD.,1472000057,1106.050000,1104.920000,1109.850000,1103.750000,0
XPTUSD.,1472000057,1106.050000,1104.920000,1109.850000,1103.750000,0
XPTUSD.,1472000057,1106.050000,1104.920000,1109.850000,1103.750000,0
XPTUSD.,1472000057,1106.050000,1104.920000,1109.850000,1103.750000,0
XPTUSD.,1472000057,1106.050000,1104.920000,1109.850000,1103.750000,0
XPTUSD.,1472000130,1106.300000,1105.310000,1109.850000,1103.750000,0
XPTUSD.,1472000130,1106.300000,1105.310000,1109.850000,1103.750000,0
XPTUSD.,1472000130,1106.300000,1105.310000,1109.850000,1103.750000,0
XPTUSD.,1472000130,1106.300000,1105.310000,1109.850000,1103.750000,0
XPTUSD.,1472000130,1106.300000,1105.310000,1109.850000,1103.750000,0
XPTUSD.,1472000190,1106.300000,1105.290000,1109.850000,1103.750000,0
XPTUSD.,1472000190,1106.300000,1105.290000,1109.850000,1103.750000,0
XPTUSD.,1472000190,1106.300000,1105.290000,1109.850000,1103.750000,0
XPTUSD.,1472000190,1106.300000,1105.290000,1109.850000,1103.750000,0
XPTUSD.,1472000190,1106.300000,1105.290000,1109.850000,1103.750000,0
XPTUSD.,1472000190,1106.300000,1105.310000,1109.850000,1103.750000,0
XPTUSD.,1472000190,1106.300000,1105.310000,1109.850000,1103.750000,0
XPTUSD.,1472000190,1106.300000,1105.310000,1109.850000,1103.750000,0
XPTUSD.,1472000190,1106.300000,1105.310000,1109.850000,1103.750000,0
XPTUSD.,1472000190,1106.300000,1105.310000,1109.850000,1103.750000,0
XPTUSD.,1472000281,1106.220000,1105.310000,1109.850000,1103.750000,0
XPTUSD.,1472000281,1106.220000,1105.310000,1109.850000,1103.750000,0
XPTUSD.,1472000281,1106.220000,1105.310000,1109.850000,1103.750000,0
XPTUSD.,1472000281,1106.220000,1105.310000,1109.850000,1103.750000,0
XPTUSD.,1472000281,1106.220000,1105.310000,1109.850000,1103.750000,0
XPTUSD.,1472000317,1106.220000,1105.220000,1109.850000,1103.750000,0
XPTUSD.,1472000317,1106.220000,1105.220000,1109.850000,1103.750000,0
XPTUSD.,1472000317,1106.220000,1105.220000,1109.850000,1103.750000,0
XPTUSD.,1472000317,1106.220000,1105.220000,1109.850000,1103.750000,0
XPTUSD.,1472000317,1106.220000,1105.220000,1109.850000,1103.750000,0
XPTUSD.,1472000467,1106.220000,1105.170000,1109.850000,1103.750000,0
XPTUSD.,1472000467,1106.220000,1105.170000,1109.850000,1103.750000,0
XPTUSD.,1472000467,1106.220000,1105.170000,1109.850000,1103.750000,0
XPTUSD.,1472000467,1106.220000,1105.170000,1109.850000,1103.750000,0
XPTUSD.,1472000467,1106.220000,1105.170000,1109.850000,1103.750000,0
XPTUSD.,1472000684,1105.820000,1104.740000,1109.850000,1103.750000,0
XPTUSD.,1472000684,1105.820000,1104.740000,1109.850000,1103.750000,0
XPTUSD.,1472000684,1105.820000,1104.740000,1109.850000,1103.750000,0
XPTUSD.,1472000684,1105.820000,1104.740000,1109.850000,1103.750000,0
XPTUSD.,1472000684,1105.820000,1104.740000,1109.850000,1103.750000,0
XPTUSD.,1472000932,1105.820000,1104.690000,1109.850000,1103.750000,0
XPTUSD.,1472000932,1105.820000,1104.690000,1109.850000,1103.750000,0
XPTUSD.,1472000932,1105.820000,1104.690000,1109.850000,1103.750000,0
XPTUSD.,1472000932,1105.820000,1104.690000,1109.850000,1103.750000,0
XPTUSD.,1472000932,1105.820000,1104.690000,1109.850000,1103.750000,0
XPTUSD.,1472000942,1105.820000,1104.790000,1109.850000,1103.750000,0
XPTUSD.,1472000942,1105.820000,1104.790000,1109.850000,1103.750000,0
XPTUSD.,1472000942,1105.820000,1104.790000,1109.850000,1103.750000,0
XPTUSD.,1472000942,1105.820000,1104.790000,1109.850000,1103.750000,0
XPTUSD.,1472000942,1105.820000,1104.790000,1109.850000,1103.750000,0
XPTUSD.,1472001090,1105.820000,1104.720000,1109.850000,1103.750000,0
XPTUSD.,1472001090,1105.820000,1104.720000,1109.850000,1103.750000,0
XPTUSD.,1472001090,1105.820000,1104.720000,1109.850000,1103.750000,0
XPTUSD.,1472001090,1105.820000,1104.720000,1109.850000,1103.750000,0
XPTUSD.,1472001090,1105.820000,1104.720000,1109.850000,1103.750000,0
XPTUSD.,1472001110,1105.820000,1104.790000,1109.850000,1103.750000,0
XPTUSD.,1472001110,1105.820000,1104.790000,1109.850000,1103.750000,0
XPTUSD.,1472001110,1105.820000,1104.790000,1109.850000,1103.750000,0
XPTUSD.,1472001110,1105.820000,1104.790000,1109.850000,1103.750000,0
XPTUSD.,1472001110,1105.820000,1104.790000,1109.850000,1103.750000,0
XPTUSD.,1472001134,1105.820000,1104.730000,1109.850000,1103.750000,0
XPTUSD.,1472001134,1105.820000,1104.730000,1109.850000,1103.750000,0
XPTUSD.,1472001134,1105.820000,1104.730000,1109.850000,1103.750000,0
XPTUSD.,1472001134,1105.820000,1104.730000,1109.850000,1103.750000,0
XPTUSD.,1472001134,1105.820000,1104.730000,1109.850000,1103.750000,0
XPTUSD.,1472001154,1105.820000,1104.720000,1109.850000,1103.750000,0
XPTUSD.,1472001154,1105.820000,1104.720000,1109.850000,1103.750000,0
XPTUSD.,1472001154,1105.820000,1104.720000,1109.850000,1103.750000,0
XPTUSD.,1472001154,1105.820000,1104.720000,1109.850000,1103.750000,0
XPTUSD.,1472001154,1105.820000,1104.720000,1109.850000,1103.750000,0
XPTUSD.,1472001245,1105.840000,1104.730000,1109.850000,1103.750000,0
XPTUSD.,1472001245,1105.840000,1104.730000,1109.850000,1103.750000,0
XPTUSD.,1472001245,1105.840000,1104.730000,1109.850000,1103.750000,0
XPTUSD.,1472001245,1105.840000,1104.730000,1109.850000,1103.750000,0
XPTUSD.,1472001245,1105.840000,1104.730000,1109.850000,1103.750000,0
XPTUSD.,1472001281,1105.840000,1104.770000,1109.850000,1103.750000,0
XPTUSD.,1472001281,1105.840000,1104.770000,1109.850000,1103.750000,0
XPTUSD.,1472001281,1105.840000,1104.770000,1109.850000,1103.750000,0
XPTUSD.,1472001281,1105.840000,1104.770000,1109.850000,1103.750000,0
XPTUSD.,1472001281,1105.840000,1104.770000,1109.850000,1103.750000,0
XPTUSD.,1472001353,1105.840000,1104.890000,1109.850000,1103.750000,0
XPTUSD.,1472001353,1105.840000,1104.890000,1109.850000,1103.750000,0
XPTUSD.,1472001353,1105.840000,1104.890000,1109.850000,1103.750000,0
XPTUSD.,1472001353,1105.840000,1104.890000,1109.850000,1103.750000,0
XPTUSD.,1472001353,1105.840000,1104.890000,1109.850000,1103.750000,0
XPTUSD.,1472001372,1105.840000,1104.920000,1109.850000,1103.750000,0
XPTUSD.,1472001372,1105.840000,1104.920000,1109.850000,1103.750000,0
XPTUSD.,1472001372,1105.840000,1104.920000,1109.850000,1103.750000,0
XPTUSD.,1472001372,1105.840000,1104.920000,1109.850000,1103.750000,0
XPTUSD.,1472001372,1105.840000,1104.920000,1109.850000,1103.750000,0
XPTUSD.,1472001512,1105.760000,1104.690000,1109.850000,1103.750000,0
XPTUSD.,1472001512,1105.760000,1104.690000,1109.850000,1103.750000,0
XPTUSD.,1472001512,1105.760000,1104.690000,1109.850000,1103.750000,0
XPTUSD.,1472001512,1105.760000,1104.690000,1109.850000,1103.750000,0
XPTUSD.,1472001512,1105.760000,1104.690000,1109.850000,1103.750000,0
XPTUSD.,1472001526,1105.760000,1104.750000,1109.850000,1103.750000,0
XPTUSD.,1472001526,1105.760000,1104.750000,1109.850000,1103.750000,0
XPTUSD.,1472001526,1105.760000,1104.750000,1109.850000,1103.750000,0
XPTUSD.,1472001526,1105.760000,1104.750000,1109.850000,1103.750000,0
XPTUSD.,1472001526,1105.760000,1104.750000,1109.850000,1103.750000,0
XPTUSD.,1472001551,1105.760000,1104.630000,1109.850000,1103.750000,0
XPTUSD.,1472001551,1105.760000,1104.630000,1109.850000,1103.750000,0
XPTUSD.,1472001551,1105.760000,1104.630000,1109.850000,1103.750000,0
XPTUSD.,1472001551,1105.760000,1104.630000,1109.850000,1103.750000,0
XPTUSD.,1472001551,1105.760000,1104.630000,1109.850000,1103.750000,0
XPTUSD.,1472001590,1105.760000,1104.650000,1109.850000,1103.750000,0
XPTUSD.,1472001590,1105.760000,1104.650000,1109.850000,1103.750000,0
XPTUSD.,1472001590,1105.760000,1104.650000,1109.850000,1103.750000,0
XPTUSD.,1472001590,1105.760000,1104.650000,1109.850000,1103.750000,0
XPTUSD.,1472001590,1105.760000,1104.650000,1109.850000,1103.750000,0
XPTUSD.,1472001606,1105.650000,1104.630000,1109.850000,1103.750000,0
XPTUSD.,1472001606,1105.650000,1104.630000,1109.850000,1103.750000,0
XPTUSD.,1472001606,1105.650000,1104.630000,1109.850000,1103.750000,0
XPTUSD.,1472001606,1105.650000,1104.630000,1109.850000,1103.750000,0
XPTUSD.,1472001606,1105.650000,1104.630000,1109.850000,1103.750000,0
XPTUSD.,1472001665,1105.650000,1104.660000,1109.850000,1103.750000,0
XPTUSD.,1472001665,1105.650000,1104.660000,1109.850000,1103.750000,0
XPTUSD.,1472001665,1105.650000,1104.660000,1109.850000,1103.750000,0
XPTUSD.,1472001665,1105.650000,1104.660000,1109.850000,1103.750000,0
XPTUSD.,1472001665,1105.650000,1104.660000,1109.850000,1103.750000,0
XPTUSD.,1472001798,1105.750000,1104.700000,1109.850000,1103.750000,0
XPTUSD.,1472001798,1105.750000,1104.700000,1109.850000,1103.750000,0
XPTUSD.,1472001798,1105.750000,1104.700000,1109.850000,1103.750000,0
XPTUSD.,1472001798,1105.750000,1104.700000,1109.850000,1103.750000,0
XPTUSD.,1472001798,1105.750000,1104.700000,1109.850000,1103.750000,0
XPTUSD.,1472001851,1105.750000,1104.690000,1109.850000,1103.750000,0
XPTUSD.,1472001851,1105.750000,1104.690000,1109.850000,1103.750000,0
XPTUSD.,1472001851,1105.750000,1104.690000,1109.850000,1103.750000,0
XPTUSD.,1472001851,1105.750000,1104.690000,1109.850000,1103.750000,0
XPTUSD.,1472001851,1105.750000,1104.690000,1109.850000,1103.750000,0
XPTUSD.,1472001883,1105.750000,1104.660000,1109.850000,1103.750000,0
XPTUSD.,1472001883,1105.750000,1104.660000,1109.850000,1103.750000,0
XPTUSD.,1472001883,1105.750000,1104.660000,1109.850000,1103.750000,0
XPTUSD.,1472001883,1105.750000,1104.660000,1109.850000,1103.750000,0
XPTUSD.,1472001883,1105.750000,1104.660000,1109.850000,1103.750000,0
XPTUSD.,1472001911,1105.750000,1104.650000,1109.850000,1103.750000,0
XPTUSD.,1472001911,1105.750000,1104.650000,1109.850000,1103.750000,0
XPTUSD.,1472001911,1105.750000,1104.650000,1109.850000,1103.750000,0
XPTUSD.,1472001911,1105.750000,1104.650000,1109.850000,1103.750000,0
XPTUSD.,1472001911,1105.750000,1104.650000,1109.850000,1103.750000,0
XPTUSD.,1472001917,1105.750000,1104.660000,1109.850000,1103.750000,0
XPTUSD.,1472001917,1105.750000,1104.660000,1109.850000,1103.750000,0
XPTUSD.,1472001917,1105.750000,1104.660000,1109.850000,1103.750000,0
XPTUSD.,1472001917,1105.750000,1104.660000,1109.850000,1103.750000,0
XPTUSD.,1472001917,1105.750000,1104.660000,1109.850000,1103.750000,0
XPTUSD.,1472001919,1105.750000,1104.650000,1109.850000,1103.750000,0
XPTUSD.,1472001919,1105.750000,1104.650000,1109.850000,1103.750000,0
XPTUSD.,1472001919,1105.750000,1104.650000,1109.850000,1103.750000,0
XPTUSD.,1472001919,1105.750000,1104.650000,1109.850000,1103.750000,0
XPTUSD.,1472001919,1105.750000,1104.650000,1109.850000,1103.750000,0
XPTUSD.,1472001963,1105.750000,1104.660000,1109.850000,1103.750000,0
XPTUSD.,1472001963,1105.750000,1104.660000,1109.850000,1103.750000,0
XPTUSD.,1472001963,1105.750000,1104.660000,1109.850000,1103.750000,0
XPTUSD.,1472001963,1105.750000,1104.660000,1109.850000,1103.750000,0
XPTUSD.,1472001963,1105.750000,1104.660000,1109.850000,1103.750000,0
XPTUSD.,1472001987,1105.750000,1104.690000,1109.850000,1103.750000,0
XPTUSD.,1472001987,1105.750000,1104.690000,1109.850000,1103.750000,0
XPTUSD.,1472001987,1105.750000,1104.690000,1109.850000,1103.750000,0
XPTUSD.,1472001987,1105.750000,1104.690000,1109.850000,1103.750000,0
XPTUSD.,1472001987,1105.750000,1104.690000,1109.850000,1103.750000,0
XPTUSD.,1472002135,1105.640000,1104.750000,1109.850000,1103.750000,0
XPTUSD.,1472002135,1105.640000,1104.750000,1109.850000,1103.750000,0
XPTUSD.,1472002135,1105.640000,1104.750000,1109.850000,1103.750000,0
XPTUSD.,1472002135,1105.640000,1104.750000,1109.850000,1103.750000,0
XPTUSD.,1472002135,1105.640000,1104.750000,1109.850000,1103.750000,0
XPTUSD.,1472002150,1105.640000,1104.740000,1109.850000,1103.750000,0
XPTUSD.,1472002150,1105.640000,1104.740000,1109.850000,1103.750000,0
XPTUSD.,1472002150,1105.640000,1104.740000,1109.850000,1103.750000,0
XPTUSD.,1472002150,1105.640000,1104.740000,1109.850000,1103.750000,0
XPTUSD.,1472002150,1105.640000,1104.740000,1109.850000,1103.750000,0
XPTUSD.,1472002156,1105.640000,1104.720000,1109.850000,1103.750000,0
XPTUSD.,1472002156,1105.640000,1104.720000,1109.850000,1103.750000,0
XPTUSD.,1472002156,1105.640000,1104.720000,1109.850000,1103.750000,0
XPTUSD.,1472002156,1105.640000,1104.720000,1109.850000,1103.750000,0
XPTUSD.,1472002156,1105.640000,1104.720000,1109.850000,1103.750000,0
XPTUSD.,1472002162,1105.640000,1104.750000,1109.850000,1103.750000,0
XPTUSD.,1472002162,1105.640000,1104.750000,1109.850000,1103.750000,0
XPTUSD.,1472002162,1105.640000,1104.750000,1109.850000,1103.750000,0
XPTUSD.,1472002162,1105.640000,1104.750000,1109.850000,1103.750000,0
XPTUSD.,1472002162,1105.640000,1104.750000,1109.850000,1103.750000,0
XPTUSD.,1472002167,1105.640000,1104.740000,1109.850000,1103.750000,0
XPTUSD.,1472002167,1105.640000,1104.740000,1109.850000,1103.750000,0
XPTUSD.,1472002167,1105.640000,1104.740000,1109.850000,1103.750000,0
XPTUSD.,1472002167,1105.640000,1104.740000,1109.850000,1103.750000,0
XPTUSD.,1472002167,1105.640000,1104.740000,1109.850000,1103.750000,0
XPTUSD.,1472002179,1105.640000,1104.720000,1109.850000,1103.750000,0
XPTUSD.,1472002179,1105.640000,1104.720000,1109.850000,1103.750000,0
XPTUSD.,1472002179,1105.640000,1104.720000,1109.850000,1103.750000,0
XPTUSD.,1472002179,1105.640000,1104.720000,1109.850000,1103.750000,0
XPTUSD.,1472002179,1105.640000,1104.720000,1109.850000,1103.750000,0
