ZARJPY.,1471931982,7.421000,7.419000,7.454000,7.368000,0
ZARJPY.,1471931982,7.421000,7.419000,7.454000,7.368000,0
ZARJPY.,1471931982,7.421000,7.419000,7.454000,7.368000,0
ZARJPY.,1471931982,7.421000,7.419000,7.454000,7.368000,0
ZARJPY.,1471931982,7.421000,7.419000,7.454000,7.368000,0
ZARJPY.,1471931985,7.421000,7.419000,7.454000,7.368000,0
ZARJPY.,1471931985,7.421000,7.419000,7.454000,7.368000,0
ZARJPY.,1471931985,7.421000,7.419000,7.454000,7.368000,0
ZARJPY.,1471931985,7.421000,7.419000,7.454000,7.368000,0
ZARJPY.,1471931985,7.421000,7.419000,7.454000,7.368000,0
ZARJPY.,1471931996,7.422000,7.420000,7.454000,7.368000,0
ZARJPY.,1471931996,7.422000,7.420000,7.454000,7.368000,0
ZARJPY.,1471931996,7.422000,7.420000,7.454000,7.368000,0
ZARJPY.,1471931996,7.422000,7.420000,7.454000,7.368000,0
ZARJPY.,1471931996,7.422000,7.420000,7.454000,7.368000,0
ZARJPY.,1471932001,7.421000,7.420000,7.454000,7.368000,0
ZARJPY.,1471932001,7.421000,7.420000,7.454000,7.368000,0
ZARJPY.,1471932001,7.421000,7.420000,7.454000,7.368000,0
ZARJPY.,1471932001,7.421000,7.420000,7.454000,7.368000,0
ZARJPY.,1471932001,7.421000,7.420000,7.454000,7.368000,0
ZARJPY.,1471932002,7.422000,7.420000,7.454000,7.368000,0
ZARJPY.,1471932002,7.422000,7.420000,7.454000,7.368000,0
ZARJPY.,1471932003,7.422000,7.420000,7.454000,7.368000,0
ZARJPY.,1471932003,7.422000,7.420000,7.454000,7.368000,0
ZARJPY.,1471932003,7.422000,7.420000,7.454000,7.368000,0
ZARJPY.,1471932004,7.421000,7.420000,7.454000,7.368000,0
ZARJPY.,1471932004,7.421000,7.420000,7.454000,7.368000,0
ZARJPY.,1471932004,7.421000,7.420000,7.454000,7.368000,0
ZARJPY.,1471932004,7.421000,7.420000,7.454000,7.368000,0
ZARJPY.,1471932004,7.421000,7.420000,7.454000,7.368000,0
ZARJPY.,1471932009,7.422000,7.420000,7.454000,7.368000,0
ZARJPY.,1471932009,7.422000,7.420000,7.454000,7.368000,0
ZARJPY.,1471932009,7.422000,7.420000,7.454000,7.368000,0
ZARJPY.,1471932009,7.422000,7.420000,7.454000,7.368000,0
ZARJPY.,1471932009,7.422000,7.420000,7.454000,7.368000,0
ZARJPY.,1471932011,7.421000,7.420000,7.454000,7.368000,0
ZARJPY.,1471932011,7.421000,7.420000,7.454000,7.368000,0
ZARJPY.,1471932011,7.421000,7.420000,7.454000,7.368000,0
ZARJPY.,1471932011,7.421000,7.420000,7.454000,7.368000,0
ZARJPY.,1471932011,7.421000,7.420000,7.454000,7.368000,0
ZARJPY.,1471932025,7.421000,7.419000,7.454000,7.368000,0
ZARJPY.,1471932025,7.421000,7.419000,7.454000,7.368000,0
ZARJPY.,1471932025,7.421000,7.419000,7.454000,7.368000,0
ZARJPY.,1471932025,7.421000,7.419000,7.454000,7.368000,0
ZARJPY.,1471932025,7.421000,7.419000,7.454000,7.368000,0
ZARJPY.,1471932042,7.421000,7.420000,7.454000,7.368000,0
ZARJPY.,1471932042,7.421000,7.420000,7.454000,7.368000,0
ZARJPY.,1471932042,7.421000,7.420000,7.454000,7.368000,0
ZARJPY.,1471932042,7.421000,7.420000,7.454000,7.368000,0
ZARJPY.,1471932042,7.421000,7.420000,7.454000,7.368000,0
ZARJPY.,1471932043,7.422000,7.420000,7.454000,7.368000,0
ZARJPY.,1471932043,7.422000,7.420000,7.454000,7.368000,0
ZARJPY.,1471932043,7.422000,7.420000,7.454000,7.368000,0
ZARJPY.,1471932043,7.422000,7.420000,7.454000,7.368000,0
ZARJPY.,1471932043,7.422000,7.420000,7.454000,7.368000,0
ZARJPY.,1471932054,7.423000,7.420000,7.454000,7.368000,0
ZARJPY.,1471932054,7.423000,7.420000,7.454000,7.368000,0
ZARJPY.,1471932054,7.423000,7.420000,7.454000,7.368000,0
ZARJPY.,1471932054,7.423000,7.420000,7.454000,7.368000,0
ZARJPY.,1471932054,7.423000,7.420000,7.454000,7.368000,0
ZARJPY.,1471932064,7.423000,7.421000,7.454000,7.368000,0
ZARJPY.,1471932064,7.423000,7.421000,7.454000,7.368000,0
ZARJPY.,1471932064,7.423000,7.421000,7.454000,7.368000,0
ZARJPY.,1471932064,7.423000,7.421000,7.454000,7.368000,0
ZARJPY.,1471932064,7.423000,7.421000,7.454000,7.368000,0
ZARJPY.,1471932068,7.423000,7.420000,7.454000,7.368000,0
ZARJPY.,1471932068,7.423000,7.420000,7.454000,7.368000,0
ZARJPY.,1471932068,7.423000,7.420000,7.454000,7.368000,0
ZARJPY.,1471932068,7.423000,7.420000,7.454000,7.368000,0
ZARJPY.,1471932068,7.423000,7.420000,7.454000,7.368000,0
ZARJPY.,1471932070,7.423000,7.421000,7.454000,7.368000,0
ZARJPY.,1471932070,7.423000,7.421000,7.454000,7.368000,0
ZARJPY.,1471932070,7.423000,7.421000,7.454000,7.368000,0
ZARJPY.,1471932070,7.423000,7.421000,7.454000,7.368000,0
ZARJPY.,1471932070,7.423000,7.421000,7.454000,7.368000,0
ZARJPY.,1471932092,7.422000,7.421000,7.454000,7.368000,0
ZARJPY.,1471932092,7.422000,7.421000,7.454000,7.368000,0
ZARJPY.,1471932092,7.422000,7.421000,7.454000,7.368000,0
ZARJPY.,1471932092,7.422000,7.421000,7.454000,7.368000,0
ZARJPY.,1471932092,7.422000,7.421000,7.454000,7.368000,0
ZARJPY.,1471932097,7.422000,7.420000,7.454000,7.368000,0
ZARJPY.,1471932097,7.422000,7.420000,7.454000,7.368000,0
ZARJPY.,1471932097,7.422000,7.420000,7.454000,7.368000,0
ZARJPY.,1471932097,7.422000,7.420000,7.454000,7.368000,0
ZARJPY.,1471932097,7.422000,7.420000,7.454000,7.368000,0
ZARJPY.,1471932113,7.421000,7.420000,7.454000,7.368000,0
ZARJPY.,1471932113,7.421000,7.420000,7.454000,7.368000,0
ZARJPY.,1471932113,7.421000,7.420000,7.454000,7.368000,0
ZARJPY.,1471932113,7.421000,7.420000,7.454000,7.368000,0
ZARJPY.,1471932113,7.421000,7.420000,7.454000,7.368000,0
ZARJPY.,1471932133,7.421000,7.419000,7.454000,7.368000,0
ZARJPY.,1471932133,7.421000,7.419000,7.454000,7.368000,0
ZARJPY.,1471932133,7.421000,7.419000,7.454000,7.368000,0
ZARJPY.,1471932133,7.421000,7.419000,7.454000,7.368000,0
ZARJPY.,1471932133,7.421000,7.419000,7.454000,7.368000,0
ZARJPY.,1471932166,7.420000,7.419000,7.454000,7.368000,0
ZARJPY.,1471932166,7.420000,7.419000,7.454000,7.368000,0
ZARJPY.,1471932166,7.420000,7.419000,7.454000,7.368000,0
ZARJPY.,1471932166,7.420000,7.419000,7.454000,7.368000,0
ZARJPY.,1471932166,7.420000,7.419000,7.454000,7.368000,0
ZARJPY.,1471932169,7.421000,7.419000,7.454000,7.368000,0
ZARJPY.,1471932169,7.421000,7.419000,7.454000,7.368000,0
ZARJPY.,1471932169,7.421000,7.419000,7.454000,7.368000,0
ZARJPY.,1471932169,7.421000,7.419000,7.454000,7.368000,0
ZARJPY.,1471932169,7.421000,7.419000,7.454000,7.368000,0
ZARJPY.,1471932172,7.421000,7.419000,7.454000,7.368000,0
ZARJPY.,1471932172,7.421000,7.419000,7.454000,7.368000,0
ZARJPY.,1471932172,7.421000,7.419000,7.454000,7.368000,0
ZARJPY.,1471932172,7.421000,7.419000,7.454000,7.368000,0
ZARJPY.,1471932172,7.421000,7.419000,7.454000,7.368000,0
ZARJPY.,1471932176,7.421000,7.419000,7.454000,7.368000,0
ZARJPY.,1471932176,7.421000,7.419000,7.454000,7.368000,0
ZARJPY.,1471932176,7.421000,7.419000,7.454000,7.368000,0
ZARJPY.,1471932176,7.421000,7.419000,7.454000,7.368000,0
ZARJPY.,1471932176,7.421000,7.419000,7.454000,7.368000,0
ZARJPY.,1471932186,7.422000,7.420000,7.454000,7.368000,0
ZARJPY.,1471932186,7.422000,7.420000,7.454000,7.368000,0
ZARJPY.,1471932186,7.422000,7.420000,7.454000,7.368000,0
ZARJPY.,1471932186,7.422000,7.420000,7.454000,7.368000,0
ZARJPY.,1471932186,7.422000,7.420000,7.454000,7.368000,0
ZARJPY.,1471932193,7.421000,7.420000,7.454000,7.368000,0
ZARJPY.,1471932193,7.421000,7.420000,7.454000,7.368000,0
ZARJPY.,1471932193,7.421000,7.420000,7.454000,7.368000,0
ZARJPY.,1471932193,7.421000,7.420000,7.454000,7.368000,0
ZARJPY.,1471932193,7.421000,7.420000,7.454000,7.368000,0
ZARJPY.,1471932194,7.422000,7.420000,7.454000,7.368000,0
ZARJPY.,1471932194,7.422000,7.420000,7.454000,7.368000,0
ZARJPY.,1471932194,7.422000,7.420000,7.454000,7.368000,0
ZARJPY.,1471932194,7.422000,7.420000,7.454000,7.368000,0
ZARJPY.,1471932194,7.422000,7.420000,7.454000,7.368000,0
ZARJPY.,1471932196,7.421000,7.420000,7.454000,7.368000,0
ZARJPY.,1471932196,7.421000,7.420000,7.454000,7.368000,0
ZARJPY.,1471932196,7.421000,7.420000,7.454000,7.368000,0
ZARJPY.,1471932196,7.421000,7.420000,7.454000,7.368000,0
ZARJPY.,1471932196,7.421000,7.420000,7.454000,7.368000,0
ZARJPY.,1471932202,7.422000,7.420000,7.454000,7.368000,0
ZARJPY.,1471932202,7.422000,7.420000,7.454000,7.368000,0
ZARJPY.,1471932202,7.422000,7.420000,7.454000,7.368000,0
ZARJPY.,1471932202,7.422000,7.420000,7.454000,7.368000,0
ZARJPY.,1471932202,7.422000,7.420000,7.454000,7.368000,0
ZARJPY.,1471932204,7.421000,7.420000,7.454000,7.368000,0
ZARJPY.,1471932204,7.421000,7.420000,7.454000,7.368000,0
ZARJPY.,1471932204,7.421000,7.420000,7.454000,7.368000,0
ZARJPY.,1471932204,7.421000,7.420000,7.454000,7.368000,0
ZARJPY.,1471932204,7.421000,7.420000,7.454000,7.368000,0
ZARJPY.,1471932215,7.421000,7.419000,7.454000,7.368000,0
ZARJPY.,1471932215,7.421000,7.419000,7.454000,7.368000,0
ZARJPY.,1471932215,7.421000,7.419000,7.454000,7.368000,0
ZARJPY.,1471932215,7.421000,7.419000,7.454000,7.368000,0
ZARJPY.,1471932215,7.421000,7.419000,7.454000,7.368000,0
ZARJPY.,1471932254,7.421000,7.420000,7.454000,7.368000,0
ZARJPY.,1471932254,7.421000,7.420000,7.454000,7.368000,0
ZARJPY.,1471932254,7.421000,7.420000,7.454000,7.368000,0
ZARJPY.,1471932254,7.421000,7.420000,7.454000,7.368000,0
ZARJPY.,1471932254,7.421000,7.420000,7.454000,7.368000,0
ZARJPY.,1471932268,7.422000,7.420000,7.454000,7.368000,0
ZARJPY.,1471932268,7.422000,7.420000,7.454000,7.368000,0
ZARJPY.,1471932268,7.422000,7.420000,7.454000,7.368000,0
ZARJPY.,1471932268,7.422000,7.420000,7.454000,7.368000,0
ZARJPY.,1471932268,7.422000,7.420000,7.454000,7.368000,0
ZARJPY.,1471932274,7.421000,7.420000,7.454000,7.368000,0
ZARJPY.,1471932274,7.421000,7.420000,7.454000,7.368000,0
ZARJPY.,1471932274,7.421000,7.420000,7.454000,7.368000,0
ZARJPY.,1471932274,7.421000,7.420000,7.454000,7.368000,0
ZARJPY.,1471932274,7.421000,7.420000,7.454000,7.368000,0
ZARJPY.,1471932277,7.422000,7.420000,7.454000,7.368000,0
ZARJPY.,1471932277,7.422000,7.420000,7.454000,7.368000,0
ZARJPY.,1471932277,7.422000,7.420000,7.454000,7.368000,0
ZARJPY.,1471932277,7.422000,7.420000,7.454000,7.368000,0
ZARJPY.,1471932277,7.422000,7.420000,7.454000,7.368000,0
ZARJPY.,1471932282,7.421000,7.420000,7.454000,7.368000,0
ZARJPY.,1471932282,7.421000,7.420000,7.454000,7.368000,0
ZARJPY.,1471932282,7.421000,7.420000,7.454000,7.368000,0
ZARJPY.,1471932282,7.421000,7.420000,7.454000,7.368000,0
ZARJPY.,1471932282,7.421000,7.420000,7.454000,7.368000,0
ZARJPY.,1471932285,7.422000,7.420000,7.454000,7.368000,0
ZARJPY.,1471932285,7.422000,7.420000,7.454000,7.368000,0
ZARJPY.,1471932285,7.422000,7.420000,7.454000,7.368000,0
ZARJPY.,1471932285,7.422000,7.420000,7.454000,7.368000,0
ZARJPY.,1471932285,7.422000,7.420000,7.454000,7.368000,0
ZARJPY.,1471932289,7.421000,7.420000,7.454000,7.368000,0
ZARJPY.,1471932289,7.421000,7.420000,7.454000,7.368000,0
ZARJPY.,1471932289,7.421000,7.420000,7.454000,7.368000,0
ZARJPY.,1471932289,7.421000,7.420000,7.454000,7.368000,0
ZARJPY.,1471932289,7.421000,7.420000,7.454000,7.368000,0
ZARJPY.,1471932294,7.422000,7.420000,7.454000,7.368000,0
ZARJPY.,1471932294,7.422000,7.420000,7.454000,7.368000,0
ZARJPY.,1471932294,7.422000,7.420000,7.454000,7.368000,0
ZARJPY.,1471932294,7.422000,7.420000,7.454000,7.368000,0
ZARJPY.,1471932294,7.422000,7.420000,7.454000,7.368000,0
ZARJPY.,1471932296,7.421000,7.420000,7.454000,7.368000,0
ZARJPY.,1471932296,7.421000,7.420000,7.454000,7.368000,0
ZARJPY.,1471932296,7.421000,7.420000,7.454000,7.368000,0
ZARJPY.,1471932296,7.421000,7.420000,7.454000,7.368000,0
ZARJPY.,1471932296,7.421000,7.420000,7.454000,7.368000,0
ZARJPY.,1471932297,7.422000,7.420000,7.454000,7.368000,0
ZARJPY.,1471932297,7.422000,7.420000,7.454000,7.368000,0
ZARJPY.,1471932297,7.422000,7.420000,7.454000,7.368000,0
ZARJPY.,1471932297,7.422000,7.420000,7.454000,7.368000,0
ZARJPY.,1471932297,7.422000,7.420000,7.454000,7.368000,0
ZARJPY.,1471932306,7.421000,7.420000,7.454000,7.368000,0
ZARJPY.,1471932306,7.421000,7.420000,7.454000,7.368000,0
ZARJPY.,1471932306,7.421000,7.420000,7.454000,7.368000,0
ZARJPY.,1471932306,7.421000,7.420000,7.454000,7.368000,0
ZARJPY.,1471932306,7.421000,7.420000,7.454000,7.368000,0
ZARJPY.,1471932311,7.422000,7.420000,7.454000,7.368000,0
ZARJPY.,1471932311,7.422000,7.420000,7.454000,7.368000,0
ZARJPY.,1471932311,7.422000,7.420000,7.454000,7.368000,0
ZARJPY.,1471932311,7.422000,7.420000,7.454000,7.368000,0
ZARJPY.,1471932311,7.422000,7.420000,7.454000,7.368000,0
ZARJPY.,1471932312,7.420000,7.420000,7.454000,7.368000,0
ZARJPY.,1471932312,7.420000,7.420000,7.454000,7.368000,0
ZARJPY.,1471932312,7.420000,7.420000,7.454000,7.368000,0
ZARJPY.,1471932312,7.420000,7.420000,7.454000,7.368000,0
ZARJPY.,1471932312,7.420000,7.420000,7.454000,7.368000,0
ZARJPY.,1471932312,7.421000,7.420000,7.454000,7.368000,0
ZARJPY.,1471932312,7.421000,7.420000,7.454000,7.368000,0
ZARJPY.,1471932312,7.421000,7.420000,7.454000,7.368000,0
ZARJPY.,1471932312,7.421000,7.420000,7.454000,7.368000,0
ZARJPY.,1471932312,7.421000,7.420000,7.454000,7.368000,0
ZARJPY.,1471932313,7.422000,7.420000,7.454000,7.368000,0
ZARJPY.,1471932313,7.422000,7.420000,7.454000,7.368000,0
ZARJPY.,1471932313,7.422000,7.420000,7.454000,7.368000,0
ZARJPY.,1471932313,7.422000,7.420000,7.454000,7.368000,0
ZARJPY.,1471932313,7.422000,7.420000,7.454000,7.368000,0
ZARJPY.,1471932314,7.421000,7.420000,7.454000,7.368000,0
ZARJPY.,1471932314,7.421000,7.420000,7.454000,7.368000,0
ZARJPY.,1471932314,7.421000,7.420000,7.454000,7.368000,0
ZARJPY.,1471932314,7.421000,7.420000,7.454000,7.368000,0
ZARJPY.,1471932314,7.421000,7.420000,7.454000,7.368000,0
ZARJPY.,1471932316,7.422000,7.420000,7.454000,7.368000,0
ZARJPY.,1471932316,7.422000,7.420000,7.454000,7.368000,0
ZARJPY.,1471932316,7.422000,7.420000,7.454000,7.368000,0
ZARJPY.,1471932316,7.422000,7.420000,7.454000,7.368000,0
ZARJPY.,1471932316,7.422000,7.420000,7.454000,7.368000,0
ZARJPY.,1471932318,7.421000,7.420000,7.454000,7.368000,0
ZARJPY.,1471932318,7.421000,7.420000,7.454000,7.368000,0
ZARJPY.,1471932318,7.421000,7.420000,7.454000,7.368000,0
ZARJPY.,1471932318,7.421000,7.420000,7.454000,7.368000,0
ZARJPY.,1471932318,7.421000,7.420000,7.454000,7.368000,0
ZARJPY.,1471932324,7.421000,7.419000,7.454000,7.368000,0
ZARJPY.,1471932324,7.421000,7.419000,7.454000,7.368000,0
ZARJPY.,1471932324,7.421000,7.419000,7.454000,7.368000,0
ZARJPY.,1471932324,7.421000,7.419000,7.454000,7.368000,0
ZARJPY.,1471932324,7.421000,7.419000,7.454000,7.368000,0
ZARJPY.,1471932328,7.422000,7.419000,7.454000,7.368000,0
ZARJPY.,1471932328,7.422000,7.419000,7.454000,7.368000,0
ZARJPY.,1471932328,7.422000,7.419000,7.454000,7.368000,0
ZARJPY.,1471932328,7.422000,7.419000,7.454000,7.368000,0
ZARJPY.,1471932328,7.422000,7.419000,7.454000,7.368000,0
ZARJPY.,1471932330,7.421000,7.419000,7.454000,7.368000,0
ZARJPY.,1471932330,7.421000,7.419000,7.454000,7.368000,0
ZARJPY.,1471932330,7.421000,7.419000,7.454000,7.368000,0
ZARJPY.,1471932330,7.421000,7.419000,7.454000,7.368000,0
ZARJPY.,1471932330,7.421000,7.419000,7.454000,7.368000,0
ZARJPY.,1471932331,7.422000,7.419000,7.454000,7.368000,0
ZARJPY.,1471932331,7.422000,7.419000,7.454000,7.368000,0
ZARJPY.,1471932331,7.422000,7.419000,7.454000,7.368000,0
ZARJPY.,1471932331,7.422000,7.419000,7.454000,7.368000,0
ZARJPY.,1471932331,7.422000,7.419000,7.454000,7.368000,0
ZARJPY.,1471932332,7.421000,7.419000,7.454000,7.368000,0
ZARJPY.,1471932332,7.421000,7.419000,7.454000,7.368000,0
ZARJPY.,1471932332,7.421000,7.419000,7.454000,7.368000,0
ZARJPY.,1471932332,7.421000,7.419000,7.454000,7.368000,0
ZARJPY.,1471932332,7.421000,7.419000,7.454000,7.368000,0
ZARJPY.,1471932333,7.422000,7.419000,7.454000,7.368000,0
ZARJPY.,1471932333,7.422000,7.419000,7.454000,7.368000,0
ZARJPY.,1471932333,7.422000,7.419000,7.454000,7.368000,0
ZARJPY.,1471932333,7.422000,7.419000,7.454000,7.368000,0
ZARJPY.,1471932333,7.422000,7.419000,7.454000,7.368000,0
ZARJPY.,1471932334,7.421000,7.419000,7.454000,7.368000,0
ZARJPY.,1471932334,7.421000,7.419000,7.454000,7.368000,0
ZARJPY.,1471932334,7.421000,7.419000,7.454000,7.368000,0
ZARJPY.,1471932334,7.421000,7.419000,7.454000,7.368000,0
ZARJPY.,1471932334,7.421000,7.419000,7.454000,7.368000,0
ZARJPY.,1471932364,7.422000,7.420000,7.454000,7.368000,0
ZARJPY.,1471932364,7.422000,7.420000,7.454000,7.368000,0
ZARJPY.,1471932364,7.422000,7.420000,7.454000,7.368000,0
ZARJPY.,1471932364,7.422000,7.420000,7.454000,7.368000,0
ZARJPY.,1471932364,7.422000,7.420000,7.454000,7.368000,0
ZARJPY.,1471932378,7.421000,7.420000,7.454000,7.368000,0
ZARJPY.,1471932378,7.421000,7.420000,7.454000,7.368000,0
ZARJPY.,1471932378,7.421000,7.420000,7.454000,7.368000,0
ZARJPY.,1471932378,7.421000,7.420000,7.454000,7.368000,0
ZARJPY.,1471932378,7.421000,7.420000,7.454000,7.368000,0
ZARJPY.,1471932384,7.422000,7.420000,7.454000,7.368000,0
ZARJPY.,1471932384,7.422000,7.420000,7.454000,7.368000,0
ZARJPY.,1471932384,7.422000,7.420000,7.454000,7.368000,0
ZARJPY.,1471932384,7.422000,7.420000,7.454000,7.368000,0
ZARJPY.,1471932384,7.422000,7.420000,7.454000,7.368000,0
ZARJPY.,1471932406,7.421000,7.420000,7.454000,7.368000,0
ZARJPY.,1471932406,7.421000,7.420000,7.454000,7.368000,0
ZARJPY.,1471932406,7.421000,7.420000,7.454000,7.368000,0
ZARJPY.,1471932406,7.421000,7.420000,7.454000,7.368000,0
ZARJPY.,1471932406,7.421000,7.420000,7.454000,7.368000,0
ZARJPY.,1471932434,7.421000,7.419000,7.454000,7.368000,0
ZARJPY.,1471932434,7.421000,7.419000,7.454000,7.368000,0
ZARJPY.,1471932434,7.421000,7.419000,7.454000,7.368000,0
ZARJPY.,1471932434,7.421000,7.419000,7.454000,7.368000,0
ZARJPY.,1471932434,7.421000,7.419000,7.454000,7.368000,0
ZARJPY.,1471932436,7.421000,7.420000,7.454000,7.368000,0
ZARJPY.,1471932436,7.421000,7.420000,7.454000,7.368000,0
ZARJPY.,1471932436,7.421000,7.420000,7.454000,7.368000,0
ZARJPY.,1471932436,7.421000,7.420000,7.454000,7.368000,0
ZARJPY.,1471932436,7.421000,7.420000,7.454000,7.368000,0
ZARJPY.,1471932437,7.421000,7.419000,7.454000,7.368000,0
ZARJPY.,1471932437,7.421000,7.419000,7.454000,7.368000,0
ZARJPY.,1471932437,7.421000,7.419000,7.454000,7.368000,0
ZARJPY.,1471932437,7.421000,7.419000,7.454000,7.368000,0
ZARJPY.,1471932437,7.421000,7.419000,7.454000,7.368000,0
ZARJPY.,1471932444,7.421000,7.420000,7.454000,7.368000,0
ZARJPY.,1471932444,7.421000,7.420000,7.454000,7.368000,0
ZARJPY.,1471932444,7.421000,7.420000,7.454000,7.368000,0
ZARJPY.,1471932444,7.421000,7.420000,7.454000,7.368000,0
ZARJPY.,1471932444,7.421000,7.420000,7.454000,7.368000,0
ZARJPY.,1471932450,7.421000,7.419000,7.454000,7.368000,0
ZARJPY.,1471932450,7.421000,7.419000,7.454000,7.368000,0
ZARJPY.,1471932450,7.421000,7.419000,7.454000,7.368000,0
ZARJPY.,1471932450,7.421000,7.419000,7.454000,7.368000,0
ZARJPY.,1471932450,7.421000,7.419000,7.454000,7.368000,0
ZARJPY.,1471932453,7.421000,7.420000,7.454000,7.368000,0
ZARJPY.,1471932453,7.421000,7.420000,7.454000,7.368000,0
ZARJPY.,1471932453,7.421000,7.420000,7.454000,7.368000,0
ZARJPY.,1471932453,7.421000,7.420000,7.454000,7.368000,0
ZARJPY.,1471932453,7.421000,7.420000,7.454000,7.368000,0
ZARJPY.,1471932456,7.421000,7.419000,7.454000,7.368000,0
ZARJPY.,1471932456,7.421000,7.419000,7.454000,7.368000,0
ZARJPY.,1471932456,7.421000,7.419000,7.454000,7.368000,0
ZARJPY.,1471932456,7.421000,7.419000,7.454000,7.368000,0
ZARJPY.,1471932456,7.421000,7.419000,7.454000,7.368000,0
ZARJPY.,1471932479,7.420000,7.419000,7.454000,7.368000,0
ZARJPY.,1471932479,7.420000,7.419000,7.454000,7.368000,0
ZARJPY.,1471932479,7.420000,7.419000,7.454000,7.368000,0
ZARJPY.,1471932479,7.420000,7.419000,7.454000,7.368000,0
ZARJPY.,1471932479,7.420000,7.419000,7.454000,7.368000,0
ZARJPY.,1471932536,7.421000,7.419000,7.454000,7.368000,0
ZARJPY.,1471932536,7.421000,7.419000,7.454000,7.368000,0
ZARJPY.,1471932536,7.421000,7.419000,7.454000,7.368000,0
ZARJPY.,1471932537,7.421000,7.419000,7.454000,7.368000,0
ZARJPY.,1471932537,7.421000,7.419000,7.454000,7.368000,0
ZARJPY.,1471932559,7.422000,7.420000,7.454000,7.368000,0
ZARJPY.,1471932559,7.422000,7.420000,7.454000,7.368000,0
ZARJPY.,1471932559,7.422000,7.420000,7.454000,7.368000,0
ZARJPY.,1471932559,7.422000,7.420000,7.454000,7.368000,0
ZARJPY.,1471932559,7.422000,7.420000,7.454000,7.368000,0
ZARJPY.,1471932563,7.422000,7.421000,7.454000,7.368000,0
ZARJPY.,1471932563,7.422000,7.421000,7.454000,7.368000,0
ZARJPY.,1471932563,7.422000,7.421000,7.454000,7.368000,0
ZARJPY.,1471932563,7.422000,7.421000,7.454000,7.368000,0
ZARJPY.,1471932563,7.422000,7.421000,7.454000,7.368000,0
ZARJPY.,1471932565,7.422000,7.420000,7.454000,7.368000,0
ZARJPY.,1471932565,7.422000,7.420000,7.454000,7.368000,0
ZARJPY.,1471932565,7.422000,7.420000,7.454000,7.368000,0
ZARJPY.,1471932565,7.422000,7.420000,7.454000,7.368000,0
ZARJPY.,1471932565,7.422000,7.420000,7.454000,7.368000,0
ZARJPY.,1471932567,7.421000,7.420000,7.454000,7.368000,0
ZARJPY.,1471932567,7.421000,7.420000,7.454000,7.368000,0
ZARJPY.,1471932568,7.421000,7.420000,7.454000,7.368000,0
ZARJPY.,1471932568,7.421000,7.420000,7.454000,7.368000,0
ZARJPY.,1471932568,7.421000,7.420000,7.454000,7.368000,0
ZARJPY.,1471932568,7.422000,7.420000,7.454000,7.368000,0
ZARJPY.,1471932568,7.422000,7.420000,7.454000,7.368000,0
ZARJPY.,1471932568,7.422000,7.420000,7.454000,7.368000,0
ZARJPY.,1471932568,7.422000,7.420000,7.454000,7.368000,0
ZARJPY.,1471932568,7.422000,7.420000,7.454000,7.368000,0
ZARJPY.,1471932570,7.422000,7.421000,7.454000,7.368000,0
ZARJPY.,1471932570,7.422000,7.421000,7.454000,7.368000,0
ZARJPY.,1471932570,7.422000,7.421000,7.454000,7.368000,0
ZARJPY.,1471932570,7.422000,7.421000,7.454000,7.368000,0
ZARJPY.,1471932570,7.422000,7.421000,7.454000,7.368000,0
ZARJPY.,1471932571,7.422000,7.420000,7.454000,7.368000,0
ZARJPY.,1471932571,7.422000,7.420000,7.454000,7.368000,0
ZARJPY.,1471932571,7.422000,7.420000,7.454000,7.368000,0
ZARJPY.,1471932571,7.422000,7.420000,7.454000,7.368000,0
ZARJPY.,1471932571,7.422000,7.420000,7.454000,7.368000,0
ZARJPY.,1471932574,7.422000,7.421000,7.454000,7.368000,0
ZARJPY.,1471932574,7.422000,7.421000,7.454000,7.368000,0
ZARJPY.,1471932574,7.422000,7.421000,7.454000,7.368000,0
ZARJPY.,1471932574,7.422000,7.421000,7.454000,7.368000,0
ZARJPY.,1471932574,7.422000,7.421000,7.454000,7.368000,0
ZARJPY.,1471932578,7.422000,7.420000,7.454000,7.368000,0
ZARJPY.,1471932578,7.422000,7.420000,7.454000,7.368000,0
ZARJPY.,1471932578,7.422000,7.420000,7.454000,7.368000,0
ZARJPY.,1471932578,7.422000,7.420000,7.454000,7.368000,0
ZARJPY.,1471932578,7.422000,7.420000,7.454000,7.368000,0
ZARJPY.,1471932582,7.421000,7.420000,7.454000,7.368000,0
ZARJPY.,1471932582,7.421000,7.420000,7.454000,7.368000,0
ZARJPY.,1471932582,7.421000,7.420000,7.454000,7.368000,0
ZARJPY.,1471932582,7.421000,7.420000,7.454000,7.368000,0
ZARJPY.,1471932582,7.421000,7.420000,7.454000,7.368000,0
ZARJPY.,1471932586,7.422000,7.420000,7.454000,7.368000,0
ZARJPY.,1471932586,7.422000,7.420000,7.454000,7.368000,0
ZARJPY.,1471932586,7.422000,7.420000,7.454000,7.368000,0
ZARJPY.,1471932586,7.422000,7.420000,7.454000,7.368000,0
ZARJPY.,1471932586,7.422000,7.420000,7.454000,7.368000,0
ZARJPY.,1471932598,7.422000,7.421000,7.454000,7.368000,0
ZARJPY.,1471932598,7.422000,7.421000,7.454000,7.368000,0
ZARJPY.,1471932598,7.422000,7.421000,7.454000,7.368000,0
ZARJPY.,1471932598,7.422000,7.421000,7.454000,7.368000,0
ZARJPY.,1471932598,7.422000,7.421000,7.454000,7.368000,0
ZARJPY.,1471932601,7.422000,7.420000,7.454000,7.368000,0
ZARJPY.,1471932601,7.422000,7.420000,7.454000,7.368000,0
ZARJPY.,1471932601,7.422000,7.420000,7.454000,7.368000,0
ZARJPY.,1471932601,7.422000,7.420000,7.454000,7.368000,0
ZARJPY.,1471932601,7.422000,7.420000,7.454000,7.368000,0
ZARJPY.,1471932602,7.422000,7.421000,7.454000,7.368000,0
ZARJPY.,1471932602,7.422000,7.421000,7.454000,7.368000,0
ZARJPY.,1471932602,7.422000,7.421000,7.454000,7.368000,0
ZARJPY.,1471932602,7.422000,7.421000,7.454000,7.368000,0
ZARJPY.,1471932602,7.422000,7.421000,7.454000,7.368000,0
ZARJPY.,1471932611,7.422000,7.420000,7.454000,7.368000,0
ZARJPY.,1471932611,7.422000,7.420000,7.454000,7.368000,0
ZARJPY.,1471932611,7.422000,7.420000,7.454000,7.368000,0
ZARJPY.,1471932611,7.422000,7.420000,7.454000,7.368000,0
ZARJPY.,1471932611,7.422000,7.420000,7.454000,7.368000,0
ZARJPY.,1471932611,7.422000,7.421000,7.454000,7.368000,0
ZARJPY.,1471932611,7.422000,7.421000,7.454000,7.368000,0
ZARJPY.,1471932611,7.422000,7.421000,7.454000,7.368000,0
ZARJPY.,1471932611,7.422000,7.421000,7.454000,7.368000,0
ZARJPY.,1471932611,7.422000,7.421000,7.454000,7.368000,0
ZARJPY.,1471932619,7.422000,7.420000,7.454000,7.368000,0
ZARJPY.,1471932619,7.422000,7.420000,7.454000,7.368000,0
ZARJPY.,1471932619,7.422000,7.420000,7.454000,7.368000,0
ZARJPY.,1471932619,7.422000,7.420000,7.454000,7.368000,0
ZARJPY.,1471932619,7.422000,7.420000,7.454000,7.368000,0
ZARJPY.,1471932640,7.421000,7.420000,7.454000,7.368000,0
ZARJPY.,1471932640,7.421000,7.420000,7.454000,7.368000,0
ZARJPY.,1471932640,7.421000,7.420000,7.454000,7.368000,0
ZARJPY.,1471932640,7.421000,7.420000,7.454000,7.368000,0
ZARJPY.,1471932640,7.421000,7.420000,7.454000,7.368000,0
ZARJPY.,1471932655,7.422000,7.420000,7.454000,7.368000,0
ZARJPY.,1471932655,7.422000,7.420000,7.454000,7.368000,0
ZARJPY.,1471932655,7.422000,7.420000,7.454000,7.368000,0
ZARJPY.,1471932655,7.422000,7.420000,7.454000,7.368000,0
ZARJPY.,1471932655,7.422000,7.420000,7.454000,7.368000,0
ZARJPY.,1471932683,7.421000,7.420000,7.454000,7.368000,0
ZARJPY.,1471932683,7.421000,7.420000,7.454000,7.368000,0
ZARJPY.,1471932683,7.421000,7.420000,7.454000,7.368000,0
ZARJPY.,1471932683,7.421000,7.420000,7.454000,7.368000,0
ZARJPY.,1471932683,7.421000,7.420000,7.454000,7.368000,0
ZARJPY.,1471932724,7.421000,7.419000,7.454000,7.368000,0
ZARJPY.,1471932724,7.421000,7.419000,7.454000,7.368000,0
ZARJPY.,1471932724,7.421000,7.419000,7.454000,7.368000,0
ZARJPY.,1471932724,7.421000,7.419000,7.454000,7.368000,0
ZARJPY.,1471932724,7.421000,7.419000,7.454000,7.368000,0
ZARJPY.,1471932727,7.420000,7.419000,7.454000,7.368000,0
ZARJPY.,1471932727,7.420000,7.419000,7.454000,7.368000,0
ZARJPY.,1471932727,7.420000,7.419000,7.454000,7.368000,0
ZARJPY.,1471932727,7.420000,7.419000,7.454000,7.368000,0
ZARJPY.,1471932727,7.420000,7.419000,7.454000,7.368000,0
ZARJPY.,1471932732,7.421000,7.420000,7.454000,7.368000,0
ZARJPY.,1471932732,7.421000,7.420000,7.454000,7.368000,0
ZARJPY.,1471932732,7.421000,7.420000,7.454000,7.368000,0
ZARJPY.,1471932732,7.421000,7.420000,7.454000,7.368000,0
ZARJPY.,1471932732,7.421000,7.420000,7.454000,7.368000,0
ZARJPY.,1471932743,7.421000,7.419000,7.454000,7.368000,0
ZARJPY.,1471932743,7.421000,7.419000,7.454000,7.368000,0
ZARJPY.,1471932743,7.421000,7.419000,7.454000,7.368000,0
ZARJPY.,1471932743,7.421000,7.419000,7.454000,7.368000,0
ZARJPY.,1471932743,7.421000,7.419000,7.454000,7.368000,0
ZARJPY.,1471932745,7.421000,7.420000,7.454000,7.368000,0
ZARJPY.,1471932745,7.421000,7.420000,7.454000,7.368000,0
ZARJPY.,1471932745,7.421000,7.420000,7.454000,7.368000,0
ZARJPY.,1471932745,7.421000,7.420000,7.454000,7.368000,0
ZARJPY.,1471932745,7.421000,7.420000,7.454000,7.368000,0
ZARJPY.,1471932746,7.421000,7.419000,7.454000,7.368000,0
ZARJPY.,1471932746,7.421000,7.419000,7.454000,7.368000,0
ZARJPY.,1471932746,7.421000,7.419000,7.454000,7.368000,0
ZARJPY.,1471932746,7.421000,7.419000,7.454000,7.368000,0
ZARJPY.,1471932746,7.421000,7.419000,7.454000,7.368000,0
ZARJPY.,1471932746,7.421000,7.420000,7.454000,7.368000,0
ZARJPY.,1471932746,7.421000,7.420000,7.454000,7.368000,0
ZARJPY.,1471932746,7.421000,7.420000,7.454000,7.368000,0
ZARJPY.,1471932746,7.421000,7.420000,7.454000,7.368000,0
ZARJPY.,1471932746,7.421000,7.420000,7.454000,7.368000,0
ZARJPY.,1471932747,7.421000,7.419000,7.454000,7.368000,0
ZARJPY.,1471932747,7.421000,7.419000,7.454000,7.368000,0
ZARJPY.,1471932747,7.421000,7.419000,7.454000,7.368000,0
ZARJPY.,1471932747,7.421000,7.419000,7.454000,7.368000,0
ZARJPY.,1471932747,7.421000,7.419000,7.454000,7.368000,0
ZARJPY.,1471932757,7.420000,7.419000,7.454000,7.368000,0
ZARJPY.,1471932757,7.420000,7.419000,7.454000,7.368000,0
ZARJPY.,1471932757,7.420000,7.419000,7.454000,7.368000,0
ZARJPY.,1471932757,7.420000,7.419000,7.454000,7.368000,0
ZARJPY.,1471932757,7.420000,7.419000,7.454000,7.368000,0
ZARJPY.,1471932761,7.421000,7.419000,7.454000,7.368000,0
ZARJPY.,1471932761,7.421000,7.419000,7.454000,7.368000,0
ZARJPY.,1471932761,7.421000,7.419000,7.454000,7.368000,0
ZARJPY.,1471932761,7.421000,7.419000,7.454000,7.368000,0
ZARJPY.,1471932761,7.421000,7.419000,7.454000,7.368000,0
ZARJPY.,1471932764,7.421000,7.420000,7.454000,7.368000,0
ZARJPY.,1471932764,7.421000,7.420000,7.454000,7.368000,0
ZARJPY.,1471932764,7.421000,7.420000,7.454000,7.368000,0
ZARJPY.,1471932764,7.421000,7.420000,7.454000,7.368000,0
ZARJPY.,1471932764,7.421000,7.420000,7.454000,7.368000,0
ZARJPY.,1471932764,7.421000,7.419000,7.454000,7.368000,0
ZARJPY.,1471932764,7.421000,7.419000,7.454000,7.368000,0
ZARJPY.,1471932764,7.421000,7.419000,7.454000,7.368000,0
ZARJPY.,1471932764,7.421000,7.419000,7.454000,7.368000,0
ZARJPY.,1471932764,7.421000,7.419000,7.454000,7.368000,0
ZARJPY.,1471932765,7.421000,7.420000,7.454000,7.368000,0
ZARJPY.,1471932765,7.421000,7.420000,7.454000,7.368000,0
ZARJPY.,1471932765,7.421000,7.420000,7.454000,7.368000,0
ZARJPY.,1471932765,7.421000,7.420000,7.454000,7.368000,0
ZARJPY.,1471932765,7.421000,7.420000,7.454000,7.368000,0
ZARJPY.,1471932765,7.421000,7.419000,7.454000,7.368000,0
ZARJPY.,1471932765,7.421000,7.419000,7.454000,7.368000,0
ZARJPY.,1471932765,7.421000,7.419000,7.454000,7.368000,0
ZARJPY.,1471932765,7.421000,7.419000,7.454000,7.368000,0
ZARJPY.,1471932765,7.421000,7.419000,7.454000,7.368000,0
ZARJPY.,1471932766,7.421000,7.420000,7.454000,7.368000,0
ZARJPY.,1471932766,7.421000,7.420000,7.454000,7.368000,0
ZARJPY.,1471932766,7.421000,7.420000,7.454000,7.368000,0
ZARJPY.,1471932766,7.421000,7.420000,7.454000,7.368000,0
ZARJPY.,1471932766,7.421000,7.420000,7.454000,7.368000,0
ZARJPY.,1471932781,7.421000,7.419000,7.454000,7.368000,0
ZARJPY.,1471932781,7.421000,7.419000,7.454000,7.368000,0
ZARJPY.,1471932781,7.421000,7.419000,7.454000,7.368000,0
ZARJPY.,1471932781,7.421000,7.419000,7.454000,7.368000,0
ZARJPY.,1471932781,7.421000,7.419000,7.454000,7.368000,0
ZARJPY.,1471932788,7.421000,7.420000,7.454000,7.368000,0
ZARJPY.,1471932788,7.421000,7.420000,7.454000,7.368000,0
ZARJPY.,1471932788,7.421000,7.420000,7.454000,7.368000,0
ZARJPY.,1471932788,7.421000,7.420000,7.454000,7.368000,0
ZARJPY.,1471932788,7.421000,7.420000,7.454000,7.368000,0
ZARJPY.,1471932809,7.422000,7.420000,7.454000,7.368000,0
ZARJPY.,1471932809,7.422000,7.420000,7.454000,7.368000,0
ZARJPY.,1471932809,7.422000,7.420000,7.454000,7.368000,0
ZARJPY.,1471932809,7.422000,7.420000,7.454000,7.368000,0
ZARJPY.,1471932809,7.422000,7.420000,7.454000,7.368000,0
ZARJPY.,1471932858,7.418000,7.416000,7.454000,7.368000,0
ZARJPY.,1471932858,7.418000,7.416000,7.454000,7.368000,0
ZARJPY.,1471932858,7.418000,7.416000,7.454000,7.368000,0
ZARJPY.,1471932858,7.418000,7.416000,7.454000,7.368000,0
ZARJPY.,1471932858,7.418000,7.416000,7.454000,7.368000,0
ZARJPY.,1471932869,7.418000,7.416000,7.454000,7.368000,0
ZARJPY.,1471932869,7.418000,7.416000,7.454000,7.368000,0
ZARJPY.,1471932869,7.418000,7.416000,7.454000,7.368000,0
ZARJPY.,1471932869,7.418000,7.416000,7.454000,7.368000,0
ZARJPY.,1471932869,7.418000,7.416000,7.454000,7.368000,0
ZARJPY.,1471932903,7.418000,7.416000,7.454000,7.368000,0
ZARJPY.,1471932903,7.418000,7.416000,7.454000,7.368000,0
ZARJPY.,1471932903,7.418000,7.416000,7.454000,7.368000,0
ZARJPY.,1471932903,7.418000,7.416000,7.454000,7.368000,0
ZARJPY.,1471932903,7.418000,7.416000,7.454000,7.368000,0
ZARJPY.,1471932905,7.417000,7.416000,7.454000,7.368000,0
ZARJPY.,1471932905,7.417000,7.416000,7.454000,7.368000,0
ZARJPY.,1471932905,7.417000,7.416000,7.454000,7.368000,0
ZARJPY.,1471932905,7.417000,7.416000,7.454000,7.368000,0
ZARJPY.,1471932905,7.417000,7.416000,7.454000,7.368000,0
ZARJPY.,1471932915,7.417000,7.417000,7.454000,7.368000,0
ZARJPY.,1471932915,7.417000,7.417000,7.454000,7.368000,0
ZARJPY.,1471932915,7.417000,7.417000,7.454000,7.368000,0
ZARJPY.,1471932915,7.417000,7.417000,7.454000,7.368000,0
ZARJPY.,1471932915,7.417000,7.417000,7.454000,7.368000,0
ZARJPY.,1471932938,7.417000,7.416000,7.454000,7.368000,0
ZARJPY.,1471932938,7.417000,7.416000,7.454000,7.368000,0
ZARJPY.,1471932938,7.417000,7.416000,7.454000,7.368000,0
ZARJPY.,1471932938,7.417000,7.416000,7.454000,7.368000,0
ZARJPY.,1471932938,7.417000,7.416000,7.454000,7.368000,0
ZARJPY.,1471932940,7.417000,7.415000,7.454000,7.368000,0
ZARJPY.,1471932940,7.417000,7.415000,7.454000,7.368000,0
ZARJPY.,1471932940,7.417000,7.415000,7.454000,7.368000,0
ZARJPY.,1471932940,7.417000,7.415000,7.454000,7.368000,0
ZARJPY.,1471932940,7.417000,7.415000,7.454000,7.368000,0
ZARJPY.,1471932941,7.417000,7.416000,7.454000,7.368000,0
ZARJPY.,1471932941,7.417000,7.416000,7.454000,7.368000,0
ZARJPY.,1471932941,7.417000,7.416000,7.454000,7.368000,0
ZARJPY.,1471932941,7.417000,7.416000,7.454000,7.368000,0
ZARJPY.,1471932941,7.417000,7.416000,7.454000,7.368000,0
ZARJPY.,1471932944,7.417000,7.415000,7.454000,7.368000,0
ZARJPY.,1471932944,7.417000,7.415000,7.454000,7.368000,0
ZARJPY.,1471932944,7.417000,7.415000,7.454000,7.368000,0
ZARJPY.,1471932944,7.417000,7.415000,7.454000,7.368000,0
ZARJPY.,1471932944,7.417000,7.415000,7.454000,7.368000,0
ZARJPY.,1471932953,7.417000,7.416000,7.454000,7.368000,0
ZARJPY.,1471932953,7.417000,7.416000,7.454000,7.368000,0
ZARJPY.,1471932953,7.417000,7.416000,7.454000,7.368000,0
ZARJPY.,1471932953,7.417000,7.416000,7.454000,7.368000,0
ZARJPY.,1471932953,7.417000,7.416000,7.454000,7.368000,0
ZARJPY.,1471933067,7.418000,7.416000,7.454000,7.368000,0
ZARJPY.,1471933067,7.418000,7.416000,7.454000,7.368000,0
ZARJPY.,1471933067,7.418000,7.416000,7.454000,7.368000,0
ZARJPY.,1471933067,7.418000,7.416000,7.454000,7.368000,0
ZARJPY.,1471933067,7.418000,7.416000,7.454000,7.368000,0
ZARJPY.,1471933067,7.418000,7.417000,7.454000,7.368000,0
ZARJPY.,1471933067,7.418000,7.417000,7.454000,7.368000,0
ZARJPY.,1471933067,7.418000,7.417000,7.454000,7.368000,0
ZARJPY.,1471933067,7.418000,7.417000,7.454000,7.368000,0
ZARJPY.,1471933067,7.418000,7.417000,7.454000,7.368000,0
ZARJPY.,1471933073,7.418000,7.416000,7.454000,7.368000,0
ZARJPY.,1471933073,7.418000,7.416000,7.454000,7.368000,0
ZARJPY.,1471933073,7.418000,7.416000,7.454000,7.368000,0
ZARJPY.,1471933073,7.418000,7.416000,7.454000,7.368000,0
ZARJPY.,1471933073,7.418000,7.416000,7.454000,7.368000,0
ZARJPY.,1471933090,7.418000,7.417000,7.454000,7.368000,0
ZARJPY.,1471933090,7.418000,7.417000,7.454000,7.368000,0
ZARJPY.,1471933090,7.418000,7.417000,7.454000,7.368000,0
ZARJPY.,1471933090,7.418000,7.417000,7.454000,7.368000,0
ZARJPY.,1471933090,7.418000,7.417000,7.454000,7.368000,0
ZARJPY.,1471933132,7.419000,7.417000,7.454000,7.368000,0
ZARJPY.,1471933132,7.419000,7.417000,7.454000,7.368000,0
ZARJPY.,1471933132,7.419000,7.417000,7.454000,7.368000,0
ZARJPY.,1471933132,7.419000,7.417000,7.454000,7.368000,0
ZARJPY.,1471933132,7.419000,7.417000,7.454000,7.368000,0
ZARJPY.,1471933133,7.419000,7.418000,7.454000,7.368000,0
ZARJPY.,1471933133,7.419000,7.418000,7.454000,7.368000,0
ZARJPY.,1471933133,7.419000,7.418000,7.454000,7.368000,0
ZARJPY.,1471933133,7.419000,7.418000,7.454000,7.368000,0
ZARJPY.,1471933133,7.419000,7.418000,7.454000,7.368000,0
ZARJPY.,1471933133,7.419000,7.417000,7.454000,7.368000,0
ZARJPY.,1471933133,7.419000,7.417000,7.454000,7.368000,0
ZARJPY.,1471933133,7.419000,7.417000,7.454000,7.368000,0
ZARJPY.,1471933133,7.419000,7.417000,7.454000,7.368000,0
ZARJPY.,1471933133,7.419000,7.417000,7.454000,7.368000,0
ZARJPY.,1471933134,7.419000,7.418000,7.454000,7.368000,0
ZARJPY.,1471933134,7.419000,7.418000,7.454000,7.368000,0
ZARJPY.,1471933134,7.419000,7.418000,7.454000,7.368000,0
ZARJPY.,1471933134,7.419000,7.418000,7.454000,7.368000,0
ZARJPY.,1471933134,7.419000,7.418000,7.454000,7.368000,0
ZARJPY.,1471933154,7.420000,7.419000,7.454000,7.368000,0
ZARJPY.,1471933154,7.420000,7.419000,7.454000,7.368000,0
ZARJPY.,1471933154,7.420000,7.419000,7.454000,7.368000,0
ZARJPY.,1471933154,7.420000,7.419000,7.454000,7.368000,0
ZARJPY.,1471933154,7.420000,7.419000,7.454000,7.368000,0
ZARJPY.,1471933166,7.421000,7.419000,7.454000,7.368000,0
ZARJPY.,1471933166,7.421000,7.419000,7.454000,7.368000,0
ZARJPY.,1471933166,7.421000,7.419000,7.454000,7.368000,0
ZARJPY.,1471933166,7.421000,7.419000,7.454000,7.368000,0
ZARJPY.,1471933166,7.421000,7.419000,7.454000,7.368000,0
ZARJPY.,1471933183,7.420000,7.419000,7.454000,7.368000,0
ZARJPY.,1471933183,7.420000,7.419000,7.454000,7.368000,0
ZARJPY.,1471933183,7.420000,7.419000,7.454000,7.368000,0
ZARJPY.,1471933183,7.420000,7.419000,7.454000,7.368000,0
ZARJPY.,1471933183,7.420000,7.419000,7.454000,7.368000,0
ZARJPY.,1471933186,7.420000,7.418000,7.454000,7.368000,0
ZARJPY.,1471933186,7.420000,7.418000,7.454000,7.368000,0
ZARJPY.,1471933186,7.420000,7.418000,7.454000,7.368000,0
ZARJPY.,1471933186,7.420000,7.418000,7.454000,7.368000,0
ZARJPY.,1471933186,7.420000,7.418000,7.454000,7.368000,0
ZARJPY.,1471933194,7.420000,7.419000,7.454000,7.368000,0
ZARJPY.,1471933194,7.420000,7.419000,7.454000,7.368000,0
ZARJPY.,1471933194,7.420000,7.419000,7.454000,7.368000,0
ZARJPY.,1471933194,7.420000,7.419000,7.454000,7.368000,0
ZARJPY.,1471933194,7.420000,7.419000,7.454000,7.368000,0
ZARJPY.,1471933203,7.420000,7.420000,7.454000,7.368000,0
ZARJPY.,1471933203,7.420000,7.420000,7.454000,7.368000,0
ZARJPY.,1471933203,7.420000,7.420000,7.454000,7.368000,0
ZARJPY.,1471933203,7.420000,7.420000,7.454000,7.368000,0
ZARJPY.,1471933203,7.420000,7.420000,7.454000,7.368000,0
ZARJPY.,1471933207,7.421000,7.421000,7.454000,7.368000,0
ZARJPY.,1471933207,7.421000,7.421000,7.454000,7.368000,0
ZARJPY.,1471933207,7.421000,7.421000,7.454000,7.368000,0
ZARJPY.,1471933207,7.421000,7.421000,7.454000,7.368000,0
ZARJPY.,1471933207,7.421000,7.421000,7.454000,7.368000,0
ZARJPY.,1471933211,7.422000,7.421000,7.454000,7.368000,0
ZARJPY.,1471933211,7.422000,7.421000,7.454000,7.368000,0
ZARJPY.,1471933211,7.422000,7.421000,7.454000,7.368000,0
ZARJPY.,1471933211,7.422000,7.421000,7.454000,7.368000,0
ZARJPY.,1471933211,7.422000,7.421000,7.454000,7.368000,0
ZARJPY.,1471933214,7.423000,7.422000,7.454000,7.368000,0
ZARJPY.,1471933214,7.423000,7.422000,7.454000,7.368000,0
ZARJPY.,1471933214,7.423000,7.422000,7.454000,7.368000,0
ZARJPY.,1471933214,7.423000,7.422000,7.454000,7.368000,0
ZARJPY.,1471933214,7.423000,7.422000,7.454000,7.368000,0
ZARJPY.,1471933226,7.424000,7.423000,7.454000,7.368000,0
ZARJPY.,1471933226,7.424000,7.423000,7.454000,7.368000,0
ZARJPY.,1471933226,7.424000,7.423000,7.454000,7.368000,0
ZARJPY.,1471933226,7.424000,7.423000,7.454000,7.368000,0
ZARJPY.,1471933226,7.424000,7.423000,7.454000,7.368000,0
ZARJPY.,1471933238,7.424000,7.422000,7.454000,7.368000,0
ZARJPY.,1471933238,7.424000,7.422000,7.454000,7.368000,0
ZARJPY.,1471933238,7.424000,7.422000,7.454000,7.368000,0
ZARJPY.,1471933238,7.424000,7.422000,7.454000,7.368000,0
ZARJPY.,1471933238,7.424000,7.422000,7.454000,7.368000,0
ZARJPY.,1471933251,7.422000,7.422000,7.454000,7.368000,0
ZARJPY.,1471933251,7.422000,7.422000,7.454000,7.368000,0
ZARJPY.,1471933251,7.422000,7.422000,7.454000,7.368000,0
ZARJPY.,1471933251,7.422000,7.422000,7.454000,7.368000,0
ZARJPY.,1471933252,7.422000,7.422000,7.454000,7.368000,0
ZARJPY.,1471933258,7.423000,7.423000,7.454000,7.368000,0
ZARJPY.,1471933258,7.423000,7.423000,7.454000,7.368000,0
ZARJPY.,1471933258,7.423000,7.423000,7.454000,7.368000,0
ZARJPY.,1471933258,7.423000,7.423000,7.454000,7.368000,0
ZARJPY.,1471933258,7.423000,7.423000,7.454000,7.368000,0
ZARJPY.,1471933258,7.424000,7.423000,7.454000,7.368000,0
ZARJPY.,1471933258,7.424000,7.423000,7.454000,7.368000,0
ZARJPY.,1471933258,7.424000,7.423000,7.454000,7.368000,0
ZARJPY.,1471933258,7.424000,7.423000,7.454000,7.368000,0
ZARJPY.,1471933258,7.424000,7.423000,7.454000,7.368000,0
ZARJPY.,1471933261,7.424000,7.422000,7.454000,7.368000,0
ZARJPY.,1471933261,7.424000,7.422000,7.454000,7.368000,0
ZARJPY.,1471933261,7.424000,7.422000,7.454000,7.368000,0
ZARJPY.,1471933261,7.424000,7.422000,7.454000,7.368000,0
ZARJPY.,1471933261,7.424000,7.422000,7.454000,7.368000,0
ZARJPY.,1471933262,7.424000,7.423000,7.454000,7.368000,0
ZARJPY.,1471933262,7.424000,7.423000,7.454000,7.368000,0
ZARJPY.,1471933262,7.424000,7.423000,7.454000,7.368000,0
ZARJPY.,1471933262,7.424000,7.423000,7.454000,7.368000,0
ZARJPY.,1471933262,7.424000,7.423000,7.454000,7.368000,0
ZARJPY.,1471933265,7.425000,7.423000,7.454000,7.368000,0
ZARJPY.,1471933265,7.425000,7.423000,7.454000,7.368000,0
ZARJPY.,1471933265,7.425000,7.423000,7.454000,7.368000,0
ZARJPY.,1471933265,7.425000,7.423000,7.454000,7.368000,0
ZARJPY.,1471933265,7.425000,7.423000,7.454000,7.368000,0
ZARJPY.,1471933274,7.426000,7.424000,7.454000,7.368000,0
ZARJPY.,1471933274,7.426000,7.424000,7.454000,7.368000,0
ZARJPY.,1471933274,7.426000,7.424000,7.454000,7.368000,0
ZARJPY.,1471933274,7.426000,7.424000,7.454000,7.368000,0
ZARJPY.,1471933274,7.426000,7.424000,7.454000,7.368000,0
ZARJPY.,1471933307,7.427000,7.424000,7.454000,7.368000,0
ZARJPY.,1471933307,7.427000,7.424000,7.454000,7.368000,0
ZARJPY.,1471933307,7.427000,7.424000,7.454000,7.368000,0
ZARJPY.,1471933307,7.427000,7.424000,7.454000,7.368000,0
ZARJPY.,1471933307,7.427000,7.424000,7.454000,7.368000,0
ZARJPY.,1471933320,7.426000,7.424000,7.454000,7.368000,0
ZARJPY.,1471933320,7.426000,7.424000,7.454000,7.368000,0
ZARJPY.,1471933320,7.426000,7.424000,7.454000,7.368000,0
ZARJPY.,1471933320,7.426000,7.424000,7.454000,7.368000,0
ZARJPY.,1471933320,7.426000,7.424000,7.454000,7.368000,0
ZARJPY.,1471933357,7.427000,7.424000,7.454000,7.368000,0
ZARJPY.,1471933357,7.427000,7.424000,7.454000,7.368000,0
ZARJPY.,1471933357,7.427000,7.424000,7.454000,7.368000,0
ZARJPY.,1471933357,7.427000,7.424000,7.454000,7.368000,0
ZARJPY.,1471933357,7.427000,7.424000,7.454000,7.368000,0
ZARJPY.,1471933378,7.423000,7.422000,7.454000,7.368000,0
ZARJPY.,1471933378,7.423000,7.422000,7.454000,7.368000,0
ZARJPY.,1471933378,7.423000,7.422000,7.454000,7.368000,0
ZARJPY.,1471933378,7.423000,7.422000,7.454000,7.368000,0
ZARJPY.,1471933378,7.423000,7.422000,7.454000,7.368000,0
ZARJPY.,1471933387,7.423000,7.422000,7.454000,7.368000,0
ZARJPY.,1471933387,7.423000,7.422000,7.454000,7.368000,0
ZARJPY.,1471933387,7.423000,7.422000,7.454000,7.368000,0
ZARJPY.,1471933387,7.423000,7.422000,7.454000,7.368000,0
ZARJPY.,1471933387,7.423000,7.422000,7.454000,7.368000,0
ZARJPY.,1471933396,7.423000,7.422000,7.454000,7.368000,0
ZARJPY.,1471933396,7.423000,7.422000,7.454000,7.368000,0
ZARJPY.,1471933396,7.423000,7.422000,7.454000,7.368000,0
ZARJPY.,1471933396,7.423000,7.422000,7.454000,7.368000,0
ZARJPY.,1471933396,7.423000,7.422000,7.454000,7.368000,0
ZARJPY.,1471933397,7.423000,7.421000,7.454000,7.368000,0
ZARJPY.,1471933397,7.423000,7.421000,7.454000,7.368000,0
ZARJPY.,1471933397,7.423000,7.421000,7.454000,7.368000,0
ZARJPY.,1471933397,7.423000,7.421000,7.454000,7.368000,0
ZARJPY.,1471933397,7.423000,7.421000,7.454000,7.368000,0
ZARJPY.,1471933400,7.423000,7.420000,7.454000,7.368000,0
ZARJPY.,1471933400,7.423000,7.420000,7.454000,7.368000,0
ZARJPY.,1471933400,7.423000,7.420000,7.454000,7.368000,0
ZARJPY.,1471933400,7.423000,7.420000,7.454000,7.368000,0
ZARJPY.,1471933400,7.423000,7.420000,7.454000,7.368000,0
ZARJPY.,1471933403,7.423000,7.421000,7.454000,7.368000,0
ZARJPY.,1471933403,7.423000,7.421000,7.454000,7.368000,0
ZARJPY.,1471933403,7.423000,7.421000,7.454000,7.368000,0
ZARJPY.,1471933403,7.423000,7.421000,7.454000,7.368000,0
ZARJPY.,1471933403,7.423000,7.421000,7.454000,7.368000,0
ZARJPY.,1471933413,7.423000,7.422000,7.454000,7.368000,0
ZARJPY.,1471933413,7.423000,7.422000,7.454000,7.368000,0
ZARJPY.,1471933413,7.423000,7.422000,7.454000,7.368000,0
ZARJPY.,1471933413,7.423000,7.422000,7.454000,7.368000,0
ZARJPY.,1471933413,7.423000,7.422000,7.454000,7.368000,0
ZARJPY.,1471933419,7.423000,7.421000,7.454000,7.368000,0
ZARJPY.,1471933419,7.423000,7.421000,7.454000,7.368000,0
ZARJPY.,1471933419,7.423000,7.421000,7.454000,7.368000,0
ZARJPY.,1471933419,7.423000,7.421000,7.454000,7.368000,0
ZARJPY.,1471933419,7.423000,7.421000,7.454000,7.368000,0
ZARJPY.,1471933486,7.423000,7.420000,7.454000,7.368000,0
ZARJPY.,1471933486,7.423000,7.420000,7.454000,7.368000,0
ZARJPY.,1471933486,7.423000,7.420000,7.454000,7.368000,0
ZARJPY.,1471933486,7.423000,7.420000,7.454000,7.368000,0
ZARJPY.,1471933486,7.423000,7.420000,7.454000,7.368000,0
ZARJPY.,1471933522,7.423000,7.421000,7.454000,7.368000,0
ZARJPY.,1471933522,7.423000,7.421000,7.454000,7.368000,0
ZARJPY.,1471933522,7.423000,7.421000,7.454000,7.368000,0
ZARJPY.,1471933522,7.423000,7.421000,7.454000,7.368000,0
ZARJPY.,1471933522,7.423000,7.421000,7.454000,7.368000,0
ZARJPY.,1471933523,7.423000,7.420000,7.454000,7.368000,0
ZARJPY.,1471933523,7.423000,7.420000,7.454000,7.368000,0
ZARJPY.,1471933523,7.423000,7.420000,7.454000,7.368000,0
ZARJPY.,1471933523,7.423000,7.420000,7.454000,7.368000,0
ZARJPY.,1471933523,7.423000,7.420000,7.454000,7.368000,0
ZARJPY.,1471933523,7.423000,7.421000,7.454000,7.368000,0
ZARJPY.,1471933523,7.423000,7.421000,7.454000,7.368000,0
ZARJPY.,1471933523,7.423000,7.421000,7.454000,7.368000,0
ZARJPY.,1471933523,7.423000,7.421000,7.454000,7.368000,0
ZARJPY.,1471933523,7.423000,7.421000,7.454000,7.368000,0
ZARJPY.,1471933542,7.422000,7.421000,7.454000,7.368000,0
ZARJPY.,1471933542,7.422000,7.421000,7.454000,7.368000,0
ZARJPY.,1471933542,7.422000,7.421000,7.454000,7.368000,0
ZARJPY.,1471933542,7.422000,7.421000,7.454000,7.368000,0
ZARJPY.,1471933542,7.422000,7.421000,7.454000,7.368000,0
ZARJPY.,1471933551,7.422000,7.420000,7.454000,7.368000,0
ZARJPY.,1471933551,7.422000,7.420000,7.454000,7.368000,0
ZARJPY.,1471933551,7.422000,7.420000,7.454000,7.368000,0
ZARJPY.,1471933551,7.422000,7.420000,7.454000,7.368000,0
ZARJPY.,1471933551,7.422000,7.420000,7.454000,7.368000,0
ZARJPY.,1471933577,7.422000,7.421000,7.454000,7.368000,0
ZARJPY.,1471933577,7.422000,7.421000,7.454000,7.368000,0
ZARJPY.,1471933577,7.422000,7.421000,7.454000,7.368000,0
ZARJPY.,1471933577,7.422000,7.421000,7.454000,7.368000,0
ZARJPY.,1471933577,7.422000,7.421000,7.454000,7.368000,0
ZARJPY.,1471933583,7.423000,7.421000,7.454000,7.368000,0
ZARJPY.,1471933583,7.423000,7.421000,7.454000,7.368000,0
ZARJPY.,1471933583,7.423000,7.421000,7.454000,7.368000,0
ZARJPY.,1471933583,7.423000,7.421000,7.454000,7.368000,0
ZARJPY.,1471933583,7.423000,7.421000,7.454000,7.368000,0
ZARJPY.,1471933601,7.424000,7.421000,7.454000,7.368000,0
ZARJPY.,1471933601,7.424000,7.421000,7.454000,7.368000,0
ZARJPY.,1471933601,7.424000,7.421000,7.454000,7.368000,0
ZARJPY.,1471933601,7.424000,7.421000,7.454000,7.368000,0
ZARJPY.,1471933601,7.424000,7.421000,7.454000,7.368000,0
ZARJPY.,1471933619,7.423000,7.421000,7.454000,7.368000,0
ZARJPY.,1471933619,7.423000,7.421000,7.454000,7.368000,0
ZARJPY.,1471933619,7.423000,7.421000,7.454000,7.368000,0
ZARJPY.,1471933619,7.423000,7.421000,7.454000,7.368000,0
ZARJPY.,1471933619,7.423000,7.421000,7.454000,7.368000,0
ZARJPY.,1471933673,7.424000,7.423000,7.454000,7.368000,0
ZARJPY.,1471933673,7.424000,7.423000,7.454000,7.368000,0
ZARJPY.,1471933673,7.424000,7.423000,7.454000,7.368000,0
ZARJPY.,1471933673,7.424000,7.423000,7.454000,7.368000,0
ZARJPY.,1471933673,7.424000,7.423000,7.454000,7.368000,0
ZARJPY.,1471933675,7.423000,7.422000,7.454000,7.368000,0
ZARJPY.,1471933675,7.423000,7.422000,7.454000,7.368000,0
ZARJPY.,1471933675,7.423000,7.422000,7.454000,7.368000,0
ZARJPY.,1471933675,7.423000,7.422000,7.454000,7.368000,0
ZARJPY.,1471933675,7.423000,7.422000,7.454000,7.368000,0
ZARJPY.,1471933765,7.424000,7.421000,7.454000,7.368000,0
ZARJPY.,1471933765,7.424000,7.421000,7.454000,7.368000,0
ZARJPY.,1471933765,7.424000,7.421000,7.454000,7.368000,0
ZARJPY.,1471933765,7.424000,7.421000,7.454000,7.368000,0
ZARJPY.,1471933765,7.424000,7.421000,7.454000,7.368000,0
ZARJPY.,1471933765,7.423000,7.421000,7.454000,7.368000,0
ZARJPY.,1471933765,7.423000,7.421000,7.454000,7.368000,0
ZARJPY.,1471933765,7.423000,7.421000,7.454000,7.368000,0
ZARJPY.,1471933765,7.423000,7.421000,7.454000,7.368000,0
ZARJPY.,1471933765,7.423000,7.421000,7.454000,7.368000,0
ZARJPY.,1471933769,7.424000,7.421000,7.454000,7.368000,0
ZARJPY.,1471933769,7.424000,7.421000,7.454000,7.368000,0
ZARJPY.,1471933769,7.424000,7.421000,7.454000,7.368000,0
ZARJPY.,1471933769,7.424000,7.421000,7.454000,7.368000,0
ZARJPY.,1471933769,7.424000,7.421000,7.454000,7.368000,0
ZARJPY.,1471933777,7.423000,7.421000,7.454000,7.368000,0
ZARJPY.,1471933777,7.423000,7.421000,7.454000,7.368000,0
ZARJPY.,1471933777,7.423000,7.421000,7.454000,7.368000,0
ZARJPY.,1471933777,7.423000,7.421000,7.454000,7.368000,0
ZARJPY.,1471933777,7.423000,7.421000,7.454000,7.368000,0
ZARJPY.,1471933831,7.423000,7.421000,7.454000,7.368000,0
ZARJPY.,1471933832,7.423000,7.421000,7.454000,7.368000,0
ZARJPY.,1471933832,7.423000,7.421000,7.454000,7.368000,0
ZARJPY.,1471933832,7.423000,7.421000,7.454000,7.368000,0
ZARJPY.,1471933832,7.423000,7.421000,7.454000,7.368000,0
ZARJPY.,1471934056,7.422000,7.421000,7.454000,7.368000,0
ZARJPY.,1471934056,7.422000,7.421000,7.454000,7.368000,0
ZARJPY.,1471934056,7.422000,7.421000,7.454000,7.368000,0
ZARJPY.,1471934056,7.422000,7.421000,7.454000,7.368000,0
ZARJPY.,1471934056,7.422000,7.421000,7.454000,7.368000,0
ZARJPY.,1471934061,7.422000,7.420000,7.454000,7.368000,0
ZARJPY.,1471934061,7.422000,7.420000,7.454000,7.368000,0
ZARJPY.,1471934061,7.422000,7.420000,7.454000,7.368000,0
ZARJPY.,1471934061,7.422000,7.420000,7.454000,7.368000,0
ZARJPY.,1471934061,7.422000,7.420000,7.454000,7.368000,0
ZARJPY.,1471934082,7.422000,7.421000,7.454000,7.368000,0
ZARJPY.,1471934082,7.422000,7.421000,7.454000,7.368000,0
ZARJPY.,1471934082,7.422000,7.421000,7.454000,7.368000,0
ZARJPY.,1471934082,7.422000,7.421000,7.454000,7.368000,0
ZARJPY.,1471934082,7.422000,7.421000,7.454000,7.368000,0
ZARJPY.,1471934086,7.423000,7.421000,7.454000,7.368000,0
ZARJPY.,1471934086,7.423000,7.421000,7.454000,7.368000,0
ZARJPY.,1471934086,7.423000,7.421000,7.454000,7.368000,0
ZARJPY.,1471934086,7.423000,7.421000,7.454000,7.368000,0
ZARJPY.,1471934086,7.423000,7.421000,7.454000,7.368000,0
ZARJPY.,1471934087,7.423000,7.422000,7.454000,7.368000,0
ZARJPY.,1471934087,7.423000,7.422000,7.454000,7.368000,0
ZARJPY.,1471934087,7.423000,7.422000,7.454000,7.368000,0
ZARJPY.,1471934087,7.423000,7.422000,7.454000,7.368000,0
ZARJPY.,1471934087,7.423000,7.422000,7.454000,7.368000,0
ZARJPY.,1471934094,7.424000,7.422000,7.454000,7.368000,0
ZARJPY.,1471934094,7.424000,7.422000,7.454000,7.368000,0
ZARJPY.,1471934094,7.424000,7.422000,7.454000,7.368000,0
ZARJPY.,1471934094,7.424000,7.422000,7.454000,7.368000,0
ZARJPY.,1471934094,7.424000,7.422000,7.454000,7.368000,0
ZARJPY.,1471934126,7.423000,7.422000,7.454000,7.368000,0
ZARJPY.,1471934126,7.423000,7.422000,7.454000,7.368000,0
ZARJPY.,1471934126,7.423000,7.422000,7.454000,7.368000,0
ZARJPY.,1471934127,7.423000,7.422000,7.454000,7.368000,0
ZARJPY.,1471934127,7.423000,7.422000,7.454000,7.368000,0
ZARJPY.,1471934129,7.424000,7.422000,7.454000,7.368000,0
ZARJPY.,1471934129,7.424000,7.422000,7.454000,7.368000,0
ZARJPY.,1471934129,7.424000,7.422000,7.454000,7.368000,0
ZARJPY.,1471934129,7.424000,7.422000,7.454000,7.368000,0
ZARJPY.,1471934129,7.424000,7.422000,7.454000,7.368000,0
ZARJPY.,1471934174,7.423000,7.422000,7.454000,7.368000,0
ZARJPY.,1471934174,7.423000,7.422000,7.454000,7.368000,0
ZARJPY.,1471934174,7.423000,7.422000,7.454000,7.368000,0
ZARJPY.,1471934174,7.423000,7.422000,7.454000,7.368000,0
ZARJPY.,1471934174,7.423000,7.422000,7.454000,7.368000,0
ZARJPY.,1471934178,7.424000,7.422000,7.454000,7.368000,0
ZARJPY.,1471934178,7.424000,7.422000,7.454000,7.368000,0
ZARJPY.,1471934178,7.424000,7.422000,7.454000,7.368000,0
ZARJPY.,1471934178,7.424000,7.422000,7.454000,7.368000,0
ZARJPY.,1471934178,7.424000,7.422000,7.454000,7.368000,0
ZARJPY.,1471934196,7.426000,7.423000,7.454000,7.368000,0
ZARJPY.,1471934196,7.426000,7.423000,7.454000,7.368000,0
ZARJPY.,1471934196,7.426000,7.423000,7.454000,7.368000,0
ZARJPY.,1471934196,7.426000,7.423000,7.454000,7.368000,0
ZARJPY.,1471934196,7.426000,7.423000,7.454000,7.368000,0
ZARJPY.,1471934197,7.425000,7.423000,7.454000,7.368000,0
ZARJPY.,1471934197,7.425000,7.423000,7.454000,7.368000,0
ZARJPY.,1471934197,7.425000,7.423000,7.454000,7.368000,0
ZARJPY.,1471934197,7.425000,7.423000,7.454000,7.368000,0
ZARJPY.,1471934197,7.425000,7.423000,7.454000,7.368000,0
ZARJPY.,1471934197,7.426000,7.423000,7.454000,7.368000,0
ZARJPY.,1471934197,7.426000,7.423000,7.454000,7.368000,0
ZARJPY.,1471934197,7.426000,7.423000,7.454000,7.368000,0
ZARJPY.,1471934197,7.426000,7.423000,7.454000,7.368000,0
ZARJPY.,1471934197,7.426000,7.423000,7.454000,7.368000,0
ZARJPY.,1471934197,7.425000,7.423000,7.454000,7.368000,0
ZARJPY.,1471934197,7.425000,7.423000,7.454000,7.368000,0
ZARJPY.,1471934197,7.425000,7.423000,7.454000,7.368000,0
ZARJPY.,1471934197,7.425000,7.423000,7.454000,7.368000,0
ZARJPY.,1471934197,7.425000,7.423000,7.454000,7.368000,0
ZARJPY.,1471934206,7.426000,7.423000,7.454000,7.368000,0
ZARJPY.,1471934206,7.426000,7.423000,7.454000,7.368000,0
ZARJPY.,1471934206,7.426000,7.423000,7.454000,7.368000,0
ZARJPY.,1471934206,7.426000,7.423000,7.454000,7.368000,0
ZARJPY.,1471934206,7.426000,7.423000,7.454000,7.368000,0
ZARJPY.,1471934209,7.425000,7.423000,7.454000,7.368000,0
ZARJPY.,1471934209,7.425000,7.423000,7.454000,7.368000,0
ZARJPY.,1471934209,7.425000,7.423000,7.454000,7.368000,0
ZARJPY.,1471934209,7.425000,7.423000,7.454000,7.368000,0
ZARJPY.,1471934209,7.425000,7.423000,7.454000,7.368000,0
ZARJPY.,1471934250,7.425000,7.424000,7.454000,7.368000,0
ZARJPY.,1471934250,7.425000,7.424000,7.454000,7.368000,0
ZARJPY.,1471934250,7.425000,7.424000,7.454000,7.368000,0
ZARJPY.,1471934250,7.425000,7.424000,7.454000,7.368000,0
ZARJPY.,1471934250,7.425000,7.424000,7.454000,7.368000,0
ZARJPY.,1471934279,7.426000,7.424000,7.454000,7.368000,0
ZARJPY.,1471934279,7.426000,7.424000,7.454000,7.368000,0
ZARJPY.,1471934279,7.426000,7.424000,7.454000,7.368000,0
ZARJPY.,1471934279,7.426000,7.424000,7.454000,7.368000,0
ZARJPY.,1471934279,7.426000,7.424000,7.454000,7.368000,0
ZARJPY.,1471934292,7.426000,7.425000,7.454000,7.368000,0
ZARJPY.,1471934292,7.426000,7.425000,7.454000,7.368000,0
ZARJPY.,1471934292,7.426000,7.425000,7.454000,7.368000,0
ZARJPY.,1471934292,7.426000,7.425000,7.454000,7.368000,0
ZARJPY.,1471934292,7.426000,7.425000,7.454000,7.368000,0
ZARJPY.,1471934294,7.426000,7.424000,7.454000,7.368000,0
ZARJPY.,1471934294,7.426000,7.424000,7.454000,7.368000,0
ZARJPY.,1471934294,7.426000,7.424000,7.454000,7.368000,0
ZARJPY.,1471934294,7.426000,7.424000,7.454000,7.368000,0
ZARJPY.,1471934294,7.426000,7.424000,7.454000,7.368000,0
ZARJPY.,1471934296,7.426000,7.425000,7.454000,7.368000,0
ZARJPY.,1471934296,7.426000,7.425000,7.454000,7.368000,0
ZARJPY.,1471934296,7.426000,7.425000,7.454000,7.368000,0
ZARJPY.,1471934296,7.426000,7.425000,7.454000,7.368000,0
ZARJPY.,1471934296,7.426000,7.425000,7.454000,7.368000,0
ZARJPY.,1471934298,7.427000,7.425000,7.454000,7.368000,0
ZARJPY.,1471934298,7.427000,7.425000,7.454000,7.368000,0
ZARJPY.,1471934298,7.427000,7.425000,7.454000,7.368000,0
ZARJPY.,1471934298,7.427000,7.425000,7.454000,7.368000,0
ZARJPY.,1471934298,7.427000,7.425000,7.454000,7.368000,0
ZARJPY.,1471934299,7.426000,7.425000,7.454000,7.368000,0
ZARJPY.,1471934299,7.426000,7.425000,7.454000,7.368000,0
ZARJPY.,1471934299,7.426000,7.425000,7.454000,7.368000,0
ZARJPY.,1471934299,7.426000,7.425000,7.454000,7.368000,0
ZARJPY.,1471934299,7.426000,7.425000,7.454000,7.368000,0
ZARJPY.,1471934302,7.427000,7.425000,7.454000,7.368000,0
ZARJPY.,1471934302,7.427000,7.425000,7.454000,7.368000,0
ZARJPY.,1471934302,7.427000,7.425000,7.454000,7.368000,0
ZARJPY.,1471934302,7.427000,7.425000,7.454000,7.368000,0
ZARJPY.,1471934302,7.427000,7.425000,7.454000,7.368000,0
ZARJPY.,1471934302,7.426000,7.424000,7.454000,7.368000,0
ZARJPY.,1471934302,7.426000,7.424000,7.454000,7.368000,0
ZARJPY.,1471934302,7.426000,7.424000,7.454000,7.368000,0
ZARJPY.,1471934302,7.426000,7.424000,7.454000,7.368000,0
ZARJPY.,1471934302,7.426000,7.424000,7.454000,7.368000,0
ZARJPY.,1471934303,7.425000,7.424000,7.454000,7.368000,0
ZARJPY.,1471934303,7.425000,7.424000,7.454000,7.368000,0
ZARJPY.,1471934303,7.425000,7.424000,7.454000,7.368000,0
ZARJPY.,1471934303,7.425000,7.424000,7.454000,7.368000,0
ZARJPY.,1471934303,7.425000,7.424000,7.454000,7.368000,0
ZARJPY.,1471934305,7.425000,7.423000,7.454000,7.368000,0
ZARJPY.,1471934305,7.425000,7.423000,7.454000,7.368000,0
ZARJPY.,1471934305,7.425000,7.423000,7.454000,7.368000,0
ZARJPY.,1471934305,7.425000,7.423000,7.454000,7.368000,0
ZARJPY.,1471934305,7.425000,7.423000,7.454000,7.368000,0
ZARJPY.,1471934346,7.424000,7.423000,7.454000,7.368000,0
ZARJPY.,1471934346,7.424000,7.423000,7.454000,7.368000,0
ZARJPY.,1471934346,7.424000,7.423000,7.454000,7.368000,0
ZARJPY.,1471934346,7.424000,7.423000,7.454000,7.368000,0
ZARJPY.,1471934346,7.424000,7.423000,7.454000,7.368000,0
ZARJPY.,1471934349,7.425000,7.423000,7.454000,7.368000,0
ZARJPY.,1471934349,7.425000,7.423000,7.454000,7.368000,0
ZARJPY.,1471934349,7.425000,7.423000,7.454000,7.368000,0
ZARJPY.,1471934349,7.425000,7.423000,7.454000,7.368000,0
ZARJPY.,1471934349,7.425000,7.423000,7.454000,7.368000,0
ZARJPY.,1471934352,7.425000,7.424000,7.454000,7.368000,0
ZARJPY.,1471934352,7.425000,7.424000,7.454000,7.368000,0
ZARJPY.,1471934352,7.425000,7.424000,7.454000,7.368000,0
ZARJPY.,1471934352,7.425000,7.424000,7.454000,7.368000,0
ZARJPY.,1471934352,7.425000,7.424000,7.454000,7.368000,0
ZARJPY.,1471934375,7.429000,7.429000,7.454000,7.368000,0
ZARJPY.,1471934375,7.429000,7.429000,7.454000,7.368000,0
ZARJPY.,1471934375,7.429000,7.429000,7.454000,7.368000,0
ZARJPY.,1471934375,7.429000,7.429000,7.454000,7.368000,0
ZARJPY.,1471934375,7.429000,7.429000,7.454000,7.368000,0
ZARJPY.,1471934435,7.430000,7.429000,7.454000,7.368000,0
ZARJPY.,1471934435,7.430000,7.429000,7.454000,7.368000,0
ZARJPY.,1471934435,7.430000,7.429000,7.454000,7.368000,0
ZARJPY.,1471934435,7.430000,7.429000,7.454000,7.368000,0
ZARJPY.,1471934435,7.430000,7.429000,7.454000,7.368000,0
ZARJPY.,1471934452,7.430000,7.428000,7.454000,7.368000,0
ZARJPY.,1471934452,7.430000,7.428000,7.454000,7.368000,0
ZARJPY.,1471934452,7.430000,7.428000,7.454000,7.368000,0
ZARJPY.,1471934452,7.430000,7.428000,7.454000,7.368000,0
ZARJPY.,1471934452,7.430000,7.428000,7.454000,7.368000,0
ZARJPY.,1471934458,7.430000,7.429000,7.454000,7.368000,0
ZARJPY.,1471934458,7.430000,7.429000,7.454000,7.368000,0
ZARJPY.,1471934458,7.430000,7.429000,7.454000,7.368000,0
ZARJPY.,1471934458,7.430000,7.429000,7.454000,7.368000,0
ZARJPY.,1471934458,7.430000,7.429000,7.454000,7.368000,0
ZARJPY.,1471934469,7.430000,7.428000,7.454000,7.368000,0
ZARJPY.,1471934469,7.430000,7.428000,7.454000,7.368000,0
ZARJPY.,1471934469,7.430000,7.428000,7.454000,7.368000,0
ZARJPY.,1471934469,7.430000,7.428000,7.454000,7.368000,0
ZARJPY.,1471934469,7.430000,7.428000,7.454000,7.368000,0
ZARJPY.,1471934470,7.430000,7.429000,7.454000,7.368000,0
ZARJPY.,1471934470,7.430000,7.429000,7.454000,7.368000,0
ZARJPY.,1471934470,7.430000,7.429000,7.454000,7.368000,0
ZARJPY.,1471934470,7.430000,7.429000,7.454000,7.368000,0
ZARJPY.,1471934470,7.430000,7.429000,7.454000,7.368000,0
ZARJPY.,1471934472,7.430000,7.428000,7.454000,7.368000,0
ZARJPY.,1471934472,7.430000,7.428000,7.454000,7.368000,0
ZARJPY.,1471934472,7.430000,7.428000,7.454000,7.368000,0
ZARJPY.,1471934472,7.430000,7.428000,7.454000,7.368000,0
ZARJPY.,1471934472,7.430000,7.428000,7.454000,7.368000,0
ZARJPY.,1471934499,7.429000,7.428000,7.454000,7.368000,0
ZARJPY.,1471934499,7.429000,7.428000,7.454000,7.368000,0
ZARJPY.,1471934499,7.429000,7.428000,7.454000,7.368000,0
ZARJPY.,1471934499,7.429000,7.428000,7.454000,7.368000,0
ZARJPY.,1471934499,7.429000,7.428000,7.454000,7.368000,0
ZARJPY.,1471934501,7.429000,7.429000,7.454000,7.368000,0
ZARJPY.,1471934501,7.429000,7.429000,7.454000,7.368000,0
ZARJPY.,1471934501,7.429000,7.429000,7.454000,7.368000,0
ZARJPY.,1471934501,7.429000,7.429000,7.454000,7.368000,0
ZARJPY.,1471934501,7.429000,7.429000,7.454000,7.368000,0
ZARJPY.,1471934510,7.430000,7.429000,7.454000,7.368000,0
ZARJPY.,1471934510,7.430000,7.429000,7.454000,7.368000,0
ZARJPY.,1471934510,7.430000,7.429000,7.454000,7.368000,0
ZARJPY.,1471934510,7.430000,7.429000,7.454000,7.368000,0
ZARJPY.,1471934510,7.430000,7.429000,7.454000,7.368000,0
ZARJPY.,1471934542,7.430000,7.428000,7.454000,7.368000,0
ZARJPY.,1471934542,7.430000,7.428000,7.454000,7.368000,0
ZARJPY.,1471934542,7.430000,7.428000,7.454000,7.368000,0
ZARJPY.,1471934542,7.430000,7.428000,7.454000,7.368000,0
ZARJPY.,1471934542,7.430000,7.428000,7.454000,7.368000,0
ZARJPY.,1471934553,7.430000,7.429000,7.454000,7.368000,0
ZARJPY.,1471934553,7.430000,7.429000,7.454000,7.368000,0
ZARJPY.,1471934553,7.430000,7.429000,7.454000,7.368000,0
ZARJPY.,1471934553,7.430000,7.429000,7.454000,7.368000,0
ZARJPY.,1471934553,7.430000,7.429000,7.454000,7.368000,0
ZARJPY.,1471934554,7.430000,7.428000,7.454000,7.368000,0
ZARJPY.,1471934554,7.430000,7.428000,7.454000,7.368000,0
ZARJPY.,1471934554,7.430000,7.428000,7.454000,7.368000,0
ZARJPY.,1471934554,7.430000,7.428000,7.454000,7.368000,0
ZARJPY.,1471934554,7.430000,7.428000,7.454000,7.368000,0
ZARJPY.,1471934554,7.430000,7.429000,7.454000,7.368000,0
ZARJPY.,1471934554,7.430000,7.429000,7.454000,7.368000,0
ZARJPY.,1471934554,7.430000,7.429000,7.454000,7.368000,0
ZARJPY.,1471934554,7.430000,7.429000,7.454000,7.368000,0
ZARJPY.,1471934554,7.430000,7.429000,7.454000,7.368000,0
ZARJPY.,1471934562,7.430000,7.428000,7.454000,7.368000,0
ZARJPY.,1471934562,7.430000,7.428000,7.454000,7.368000,0
ZARJPY.,1471934562,7.430000,7.428000,7.454000,7.368000,0
ZARJPY.,1471934562,7.430000,7.428000,7.454000,7.368000,0
ZARJPY.,1471934562,7.430000,7.428000,7.454000,7.368000,0
ZARJPY.,1471934565,7.429000,7.428000,7.454000,7.368000,0
ZARJPY.,1471934565,7.429000,7.428000,7.454000,7.368000,0
ZARJPY.,1471934565,7.429000,7.428000,7.454000,7.368000,0
ZARJPY.,1471934565,7.429000,7.428000,7.454000,7.368000,0
ZARJPY.,1471934565,7.429000,7.428000,7.454000,7.368000,0
ZARJPY.,1471934565,7.430000,7.428000,7.454000,7.368000,0
ZARJPY.,1471934565,7.430000,7.428000,7.454000,7.368000,0
ZARJPY.,1471934565,7.430000,7.428000,7.454000,7.368000,0
ZARJPY.,1471934565,7.430000,7.428000,7.454000,7.368000,0
ZARJPY.,1471934565,7.430000,7.428000,7.454000,7.368000,0
ZARJPY.,1471934566,7.429000,7.428000,7.454000,7.368000,0
ZARJPY.,1471934566,7.429000,7.428000,7.454000,7.368000,0
ZARJPY.,1471934566,7.429000,7.428000,7.454000,7.368000,0
ZARJPY.,1471934566,7.429000,7.428000,7.454000,7.368000,0
ZARJPY.,1471934566,7.429000,7.428000,7.454000,7.368000,0
ZARJPY.,1471934600,7.432000,7.429000,7.454000,7.368000,0
ZARJPY.,1471934600,7.432000,7.429000,7.454000,7.368000,0
ZARJPY.,1471934600,7.432000,7.429000,7.454000,7.368000,0
ZARJPY.,1471934600,7.432000,7.429000,7.454000,7.368000,0
ZARJPY.,1471934600,7.432000,7.429000,7.454000,7.368000,0
ZARJPY.,1471934608,7.432000,7.430000,7.454000,7.368000,0
ZARJPY.,1471934608,7.432000,7.430000,7.454000,7.368000,0
ZARJPY.,1471934608,7.432000,7.430000,7.454000,7.368000,0
ZARJPY.,1471934608,7.432000,7.430000,7.454000,7.368000,0
ZARJPY.,1471934608,7.432000,7.430000,7.454000,7.368000,0
ZARJPY.,1471934619,7.432000,7.431000,7.454000,7.368000,0
ZARJPY.,1471934619,7.432000,7.431000,7.454000,7.368000,0
ZARJPY.,1471934619,7.432000,7.431000,7.454000,7.368000,0
ZARJPY.,1471934619,7.432000,7.431000,7.454000,7.368000,0
ZARJPY.,1471934619,7.432000,7.431000,7.454000,7.368000,0
ZARJPY.,1471934620,7.432000,7.430000,7.454000,7.368000,0
ZARJPY.,1471934620,7.432000,7.430000,7.454000,7.368000,0
ZARJPY.,1471934620,7.432000,7.430000,7.454000,7.368000,0
ZARJPY.,1471934620,7.432000,7.430000,7.454000,7.368000,0
ZARJPY.,1471934620,7.432000,7.430000,7.454000,7.368000,0
ZARJPY.,1471934620,7.432000,7.429000,7.454000,7.368000,0
ZARJPY.,1471934620,7.432000,7.429000,7.454000,7.368000,0
ZARJPY.,1471934620,7.432000,7.429000,7.454000,7.368000,0
ZARJPY.,1471934620,7.432000,7.429000,7.454000,7.368000,0
ZARJPY.,1471934620,7.432000,7.429000,7.454000,7.368000,0
ZARJPY.,1471934622,7.431000,7.429000,7.454000,7.368000,0
ZARJPY.,1471934622,7.431000,7.429000,7.454000,7.368000,0
ZARJPY.,1471934622,7.431000,7.429000,7.454000,7.368000,0
ZARJPY.,1471934622,7.431000,7.429000,7.454000,7.368000,0
ZARJPY.,1471934622,7.431000,7.429000,7.454000,7.368000,0
ZARJPY.,1471934624,7.432000,7.429000,7.454000,7.368000,0
ZARJPY.,1471934624,7.432000,7.429000,7.454000,7.368000,0
ZARJPY.,1471934624,7.432000,7.429000,7.454000,7.368000,0
ZARJPY.,1471934624,7.432000,7.429000,7.454000,7.368000,0
ZARJPY.,1471934624,7.432000,7.429000,7.454000,7.368000,0
ZARJPY.,1471934645,7.431000,7.429000,7.454000,7.368000,0
ZARJPY.,1471934645,7.431000,7.429000,7.454000,7.368000,0
ZARJPY.,1471934645,7.431000,7.429000,7.454000,7.368000,0
ZARJPY.,1471934645,7.431000,7.429000,7.454000,7.368000,0
ZARJPY.,1471934645,7.431000,7.429000,7.454000,7.368000,0
ZARJPY.,1471934647,7.431000,7.428000,7.454000,7.368000,0
ZARJPY.,1471934647,7.431000,7.428000,7.454000,7.368000,0
ZARJPY.,1471934647,7.431000,7.428000,7.454000,7.368000,0
ZARJPY.,1471934647,7.431000,7.428000,7.454000,7.368000,0
ZARJPY.,1471934647,7.431000,7.428000,7.454000,7.368000,0
ZARJPY.,1471934653,7.430000,7.428000,7.454000,7.368000,0
ZARJPY.,1471934653,7.430000,7.428000,7.454000,7.368000,0
ZARJPY.,1471934653,7.430000,7.428000,7.454000,7.368000,0
ZARJPY.,1471934653,7.430000,7.428000,7.454000,7.368000,0
ZARJPY.,1471934653,7.430000,7.428000,7.454000,7.368000,0
ZARJPY.,1471934664,7.429000,7.428000,7.454000,7.368000,0
ZARJPY.,1471934664,7.429000,7.428000,7.454000,7.368000,0
ZARJPY.,1471934664,7.429000,7.428000,7.454000,7.368000,0
ZARJPY.,1471934664,7.429000,7.428000,7.454000,7.368000,0
ZARJPY.,1471934664,7.429000,7.428000,7.454000,7.368000,0
ZARJPY.,1471934672,7.430000,7.428000,7.454000,7.368000,0
ZARJPY.,1471934672,7.430000,7.428000,7.454000,7.368000,0
ZARJPY.,1471934672,7.430000,7.428000,7.454000,7.368000,0
ZARJPY.,1471934672,7.430000,7.428000,7.454000,7.368000,0
ZARJPY.,1471934672,7.430000,7.428000,7.454000,7.368000,0
ZARJPY.,1471934756,7.430000,7.428000,7.454000,7.368000,0
ZARJPY.,1471934756,7.430000,7.428000,7.454000,7.368000,0
ZARJPY.,1471934756,7.430000,7.428000,7.454000,7.368000,0
ZARJPY.,1471934756,7.430000,7.428000,7.454000,7.368000,0
ZARJPY.,1471934756,7.430000,7.428000,7.454000,7.368000,0
ZARJPY.,1471934760,7.429000,7.428000,7.454000,7.368000,0
ZARJPY.,1471934760,7.429000,7.428000,7.454000,7.368000,0
ZARJPY.,1471934760,7.429000,7.428000,7.454000,7.368000,0
ZARJPY.,1471934760,7.429000,7.428000,7.454000,7.368000,0
ZARJPY.,1471934760,7.429000,7.428000,7.454000,7.368000,0
ZARJPY.,1471934762,7.430000,7.428000,7.454000,7.368000,0
ZARJPY.,1471934762,7.430000,7.428000,7.454000,7.368000,0
ZARJPY.,1471934762,7.430000,7.428000,7.454000,7.368000,0
ZARJPY.,1471934762,7.430000,7.428000,7.454000,7.368000,0
ZARJPY.,1471934762,7.430000,7.428000,7.454000,7.368000,0
ZARJPY.,1471934763,7.429000,7.428000,7.454000,7.368000,0
ZARJPY.,1471934763,7.429000,7.428000,7.454000,7.368000,0
ZARJPY.,1471934763,7.429000,7.428000,7.454000,7.368000,0
ZARJPY.,1471934763,7.429000,7.428000,7.454000,7.368000,0
ZARJPY.,1471934763,7.429000,7.428000,7.454000,7.368000,0
ZARJPY.,1471934764,7.430000,7.428000,7.454000,7.368000,0
ZARJPY.,1471934764,7.430000,7.428000,7.454000,7.368000,0
ZARJPY.,1471934764,7.430000,7.428000,7.454000,7.368000,0
ZARJPY.,1471934764,7.430000,7.428000,7.454000,7.368000,0
ZARJPY.,1471934764,7.430000,7.428000,7.454000,7.368000,0
ZARJPY.,1471934765,7.430000,7.429000,7.454000,7.368000,0
ZARJPY.,1471934765,7.430000,7.429000,7.454000,7.368000,0
ZARJPY.,1471934765,7.430000,7.429000,7.454000,7.368000,0
ZARJPY.,1471934765,7.430000,7.429000,7.454000,7.368000,0
ZARJPY.,1471934765,7.430000,7.429000,7.454000,7.368000,0
ZARJPY.,1471934773,7.429000,7.428000,7.454000,7.368000,0
ZARJPY.,1471934773,7.429000,7.428000,7.454000,7.368000,0
ZARJPY.,1471934773,7.429000,7.428000,7.454000,7.368000,0
ZARJPY.,1471934773,7.429000,7.428000,7.454000,7.368000,0
ZARJPY.,1471934773,7.429000,7.428000,7.454000,7.368000,0
ZARJPY.,1471934779,7.430000,7.428000,7.454000,7.368000,0
ZARJPY.,1471934779,7.430000,7.428000,7.454000,7.368000,0
ZARJPY.,1471934779,7.430000,7.428000,7.454000,7.368000,0
ZARJPY.,1471934779,7.430000,7.428000,7.454000,7.368000,0
ZARJPY.,1471934779,7.430000,7.428000,7.454000,7.368000,0
ZARJPY.,1471934797,7.430000,7.429000,7.454000,7.368000,0
ZARJPY.,1471934797,7.430000,7.429000,7.454000,7.368000,0
ZARJPY.,1471934797,7.430000,7.429000,7.454000,7.368000,0
ZARJPY.,1471934797,7.430000,7.429000,7.454000,7.368000,0
ZARJPY.,1471934797,7.430000,7.429000,7.454000,7.368000,0
ZARJPY.,1471934843,7.430000,7.428000,7.454000,7.368000,0
ZARJPY.,1471934843,7.430000,7.428000,7.454000,7.368000,0
ZARJPY.,1471934843,7.430000,7.428000,7.454000,7.368000,0
ZARJPY.,1471934843,7.430000,7.428000,7.454000,7.368000,0
ZARJPY.,1471934843,7.430000,7.428000,7.454000,7.368000,0
ZARJPY.,1471934844,7.429000,7.428000,7.454000,7.368000,0
ZARJPY.,1471934844,7.429000,7.428000,7.454000,7.368000,0
ZARJPY.,1471934844,7.429000,7.428000,7.454000,7.368000,0
ZARJPY.,1471934844,7.429000,7.428000,7.454000,7.368000,0
ZARJPY.,1471934844,7.429000,7.428000,7.454000,7.368000,0
ZARJPY.,1471934854,7.429000,7.427000,7.454000,7.368000,0
ZARJPY.,1471934854,7.429000,7.427000,7.454000,7.368000,0
ZARJPY.,1471934854,7.429000,7.427000,7.454000,7.368000,0
ZARJPY.,1471934854,7.429000,7.427000,7.454000,7.368000,0
ZARJPY.,1471934854,7.429000,7.427000,7.454000,7.368000,0
ZARJPY.,1471934873,7.429000,7.428000,7.454000,7.368000,0
ZARJPY.,1471934873,7.429000,7.428000,7.454000,7.368000,0
ZARJPY.,1471934873,7.429000,7.428000,7.454000,7.368000,0
ZARJPY.,1471934873,7.429000,7.428000,7.454000,7.368000,0
ZARJPY.,1471934873,7.429000,7.428000,7.454000,7.368000,0
ZARJPY.,1471934873,7.429000,7.427000,7.454000,7.368000,0
ZARJPY.,1471934873,7.429000,7.427000,7.454000,7.368000,0
ZARJPY.,1471934873,7.429000,7.427000,7.454000,7.368000,0
ZARJPY.,1471934873,7.429000,7.427000,7.454000,7.368000,0
ZARJPY.,1471934873,7.429000,7.427000,7.454000,7.368000,0
ZARJPY.,1471934879,7.429000,7.428000,7.454000,7.368000,0
ZARJPY.,1471934879,7.429000,7.428000,7.454000,7.368000,0
ZARJPY.,1471934879,7.429000,7.428000,7.454000,7.368000,0
ZARJPY.,1471934879,7.429000,7.428000,7.454000,7.368000,0
ZARJPY.,1471934879,7.429000,7.428000,7.454000,7.368000,0
ZARJPY.,1471934891,7.429000,7.427000,7.454000,7.368000,0
ZARJPY.,1471934891,7.429000,7.427000,7.454000,7.368000,0
ZARJPY.,1471934891,7.429000,7.427000,7.454000,7.368000,0
ZARJPY.,1471934891,7.429000,7.427000,7.454000,7.368000,0
ZARJPY.,1471934891,7.429000,7.427000,7.454000,7.368000,0
ZARJPY.,1471934910,7.429000,7.426000,7.454000,7.368000,0
ZARJPY.,1471934910,7.429000,7.426000,7.454000,7.368000,0
ZARJPY.,1471934910,7.429000,7.426000,7.454000,7.368000,0
ZARJPY.,1471934910,7.429000,7.426000,7.454000,7.368000,0
ZARJPY.,1471934910,7.429000,7.426000,7.454000,7.368000,0
ZARJPY.,1471935001,7.430000,7.428000,7.454000,7.368000,0
ZARJPY.,1471935001,7.430000,7.428000,7.454000,7.368000,0
ZARJPY.,1471935001,7.430000,7.428000,7.454000,7.368000,0
ZARJPY.,1471935001,7.430000,7.428000,7.454000,7.368000,0
ZARJPY.,1471935001,7.430000,7.428000,7.454000,7.368000,0
ZARJPY.,1471935057,7.431000,7.429000,7.454000,7.368000,0
ZARJPY.,1471935057,7.431000,7.429000,7.454000,7.368000,0
ZARJPY.,1471935057,7.431000,7.429000,7.454000,7.368000,0
ZARJPY.,1471935057,7.431000,7.429000,7.454000,7.368000,0
ZARJPY.,1471935057,7.431000,7.429000,7.454000,7.368000,0
ZARJPY.,1471935099,7.431000,7.430000,7.454000,7.368000,0
ZARJPY.,1471935099,7.431000,7.430000,7.454000,7.368000,0
ZARJPY.,1471935099,7.431000,7.430000,7.454000,7.368000,0
ZARJPY.,1471935099,7.431000,7.430000,7.454000,7.368000,0
ZARJPY.,1471935099,7.431000,7.430000,7.454000,7.368000,0
ZARJPY.,1471935130,7.432000,7.430000,7.454000,7.368000,0
ZARJPY.,1471935130,7.432000,7.430000,7.454000,7.368000,0
ZARJPY.,1471935130,7.432000,7.430000,7.454000,7.368000,0
ZARJPY.,1471935130,7.432000,7.430000,7.454000,7.368000,0
ZARJPY.,1471935130,7.432000,7.430000,7.454000,7.368000,0
ZARJPY.,1471935165,7.431000,7.430000,7.454000,7.368000,0
ZARJPY.,1471935165,7.431000,7.430000,7.454000,7.368000,0
ZARJPY.,1471935165,7.431000,7.430000,7.454000,7.368000,0
ZARJPY.,1471935165,7.431000,7.430000,7.454000,7.368000,0
ZARJPY.,1471935165,7.431000,7.430000,7.454000,7.368000,0
ZARJPY.,1471935169,7.431000,7.429000,7.454000,7.368000,0
ZARJPY.,1471935169,7.431000,7.429000,7.454000,7.368000,0
ZARJPY.,1471935169,7.431000,7.429000,7.454000,7.368000,0
ZARJPY.,1471935169,7.431000,7.429000,7.454000,7.368000,0
ZARJPY.,1471935169,7.431000,7.429000,7.454000,7.368000,0
ZARJPY.,1471935198,7.430000,7.429000,7.454000,7.368000,0
ZARJPY.,1471935198,7.430000,7.429000,7.454000,7.368000,0
ZARJPY.,1471935198,7.430000,7.429000,7.454000,7.368000,0
ZARJPY.,1471935198,7.430000,7.429000,7.454000,7.368000,0
ZARJPY.,1471935198,7.430000,7.429000,7.454000,7.368000,0
ZARJPY.,1471935208,7.430000,7.428000,7.454000,7.368000,0
ZARJPY.,1471935208,7.430000,7.428000,7.454000,7.368000,0
ZARJPY.,1471935208,7.430000,7.428000,7.454000,7.368000,0
ZARJPY.,1471935208,7.430000,7.428000,7.454000,7.368000,0
ZARJPY.,1471935208,7.430000,7.428000,7.454000,7.368000,0
ZARJPY.,1471935227,7.430000,7.429000,7.454000,7.368000,0
ZARJPY.,1471935227,7.430000,7.429000,7.454000,7.368000,0
ZARJPY.,1471935227,7.430000,7.429000,7.454000,7.368000,0
ZARJPY.,1471935227,7.430000,7.429000,7.454000,7.368000,0
ZARJPY.,1471935227,7.430000,7.429000,7.454000,7.368000,0
ZARJPY.,1471935233,7.431000,7.429000,7.454000,7.368000,0
ZARJPY.,1471935233,7.431000,7.429000,7.454000,7.368000,0
ZARJPY.,1471935233,7.431000,7.429000,7.454000,7.368000,0
ZARJPY.,1471935233,7.431000,7.429000,7.454000,7.368000,0
ZARJPY.,1471935233,7.431000,7.429000,7.454000,7.368000,0
ZARJPY.,1471935371,7.432000,7.431000,7.454000,7.368000,0
ZARJPY.,1471935371,7.432000,7.431000,7.454000,7.368000,0
ZARJPY.,1471935371,7.432000,7.431000,7.454000,7.368000,0
ZARJPY.,1471935371,7.432000,7.431000,7.454000,7.368000,0
ZARJPY.,1471935371,7.432000,7.431000,7.454000,7.368000,0
ZARJPY.,1471935374,7.433000,7.432000,7.454000,7.368000,0
ZARJPY.,1471935374,7.433000,7.432000,7.454000,7.368000,0
ZARJPY.,1471935374,7.433000,7.432000,7.454000,7.368000,0
ZARJPY.,1471935374,7.433000,7.432000,7.454000,7.368000,0
ZARJPY.,1471935374,7.433000,7.432000,7.454000,7.368000,0
ZARJPY.,1471935394,7.433000,7.431000,7.454000,7.368000,0
ZARJPY.,1471935394,7.433000,7.431000,7.454000,7.368000,0
ZARJPY.,1471935394,7.433000,7.431000,7.454000,7.368000,0
ZARJPY.,1471935394,7.433000,7.431000,7.454000,7.368000,0
ZARJPY.,1471935394,7.433000,7.431000,7.454000,7.368000,0
ZARJPY.,1471935395,7.432000,7.430000,7.454000,7.368000,0
ZARJPY.,1471935395,7.432000,7.430000,7.454000,7.368000,0
ZARJPY.,1471935395,7.432000,7.430000,7.454000,7.368000,0
ZARJPY.,1471935395,7.432000,7.430000,7.454000,7.368000,0
ZARJPY.,1471935395,7.432000,7.430000,7.454000,7.368000,0
ZARJPY.,1471935396,7.433000,7.430000,7.454000,7.368000,0
ZARJPY.,1471935396,7.433000,7.430000,7.454000,7.368000,0
ZARJPY.,1471935396,7.433000,7.430000,7.454000,7.368000,0
ZARJPY.,1471935396,7.433000,7.430000,7.454000,7.368000,0
ZARJPY.,1471935396,7.433000,7.430000,7.454000,7.368000,0
ZARJPY.,1471935398,7.433000,7.431000,7.454000,7.368000,0
ZARJPY.,1471935398,7.433000,7.431000,7.454000,7.368000,0
ZARJPY.,1471935398,7.433000,7.431000,7.454000,7.368000,0
ZARJPY.,1471935398,7.433000,7.431000,7.454000,7.368000,0
ZARJPY.,1471935398,7.433000,7.431000,7.454000,7.368000,0
ZARJPY.,1471935416,7.432000,7.431000,7.454000,7.368000,0
ZARJPY.,1471935416,7.432000,7.431000,7.454000,7.368000,0
ZARJPY.,1471935416,7.432000,7.431000,7.454000,7.368000,0
ZARJPY.,1471935416,7.432000,7.431000,7.454000,7.368000,0
ZARJPY.,1471935416,7.432000,7.431000,7.454000,7.368000,0
ZARJPY.,1471935517,7.432000,7.431000,7.454000,7.368000,0
ZARJPY.,1471935517,7.432000,7.431000,7.454000,7.368000,0
ZARJPY.,1471935517,7.432000,7.431000,7.454000,7.368000,0
ZARJPY.,1471935517,7.432000,7.431000,7.454000,7.368000,0
ZARJPY.,1471935517,7.432000,7.431000,7.454000,7.368000,0
ZARJPY.,1471935518,7.432000,7.430000,7.454000,7.368000,0
ZARJPY.,1471935518,7.432000,7.430000,7.454000,7.368000,0
ZARJPY.,1471935518,7.432000,7.430000,7.454000,7.368000,0
ZARJPY.,1471935518,7.432000,7.430000,7.454000,7.368000,0
ZARJPY.,1471935518,7.432000,7.430000,7.454000,7.368000,0
ZARJPY.,1471935519,7.432000,7.429000,7.454000,7.368000,0
ZARJPY.,1471935519,7.432000,7.429000,7.454000,7.368000,0
ZARJPY.,1471935519,7.432000,7.429000,7.454000,7.368000,0
ZARJPY.,1471935519,7.432000,7.429000,7.454000,7.368000,0
ZARJPY.,1471935519,7.432000,7.429000,7.454000,7.368000,0
ZARJPY.,1471935521,7.431000,7.429000,7.454000,7.368000,0
ZARJPY.,1471935521,7.431000,7.429000,7.454000,7.368000,0
ZARJPY.,1471935521,7.431000,7.429000,7.454000,7.368000,0
ZARJPY.,1471935521,7.431000,7.429000,7.454000,7.368000,0
ZARJPY.,1471935521,7.431000,7.429000,7.454000,7.368000,0
ZARJPY.,1471935522,7.431000,7.428000,7.454000,7.368000,0
ZARJPY.,1471935522,7.431000,7.428000,7.454000,7.368000,0
ZARJPY.,1471935522,7.431000,7.428000,7.454000,7.368000,0
ZARJPY.,1471935522,7.431000,7.428000,7.454000,7.368000,0
ZARJPY.,1471935522,7.431000,7.428000,7.454000,7.368000,0
ZARJPY.,1471935526,7.431000,7.429000,7.454000,7.368000,0
ZARJPY.,1471935526,7.431000,7.429000,7.454000,7.368000,0
ZARJPY.,1471935526,7.431000,7.429000,7.454000,7.368000,0
ZARJPY.,1471935526,7.431000,7.429000,7.454000,7.368000,0
ZARJPY.,1471935526,7.431000,7.429000,7.454000,7.368000,0
ZARJPY.,1471935552,7.431000,7.428000,7.454000,7.368000,0
ZARJPY.,1471935552,7.431000,7.428000,7.454000,7.368000,0
ZARJPY.,1471935552,7.431000,7.428000,7.454000,7.368000,0
ZARJPY.,1471935552,7.431000,7.428000,7.454000,7.368000,0
ZARJPY.,1471935552,7.431000,7.428000,7.454000,7.368000,0
ZARJPY.,1471935583,7.430000,7.427000,7.454000,7.368000,0
ZARJPY.,1471935583,7.430000,7.427000,7.454000,7.368000,0
ZARJPY.,1471935583,7.430000,7.427000,7.454000,7.368000,0
ZARJPY.,1471935583,7.430000,7.427000,7.454000,7.368000,0
ZARJPY.,1471935583,7.430000,7.427000,7.454000,7.368000,0
ZARJPY.,1471935593,7.429000,7.427000,7.454000,7.368000,0
ZARJPY.,1471935593,7.429000,7.427000,7.454000,7.368000,0
ZARJPY.,1471935593,7.429000,7.427000,7.454000,7.368000,0
ZARJPY.,1471935593,7.429000,7.427000,7.454000,7.368000,0
ZARJPY.,1471935593,7.429000,7.427000,7.454000,7.368000,0
ZARJPY.,1471935660,7.431000,7.429000,7.454000,7.368000,0
ZARJPY.,1471935660,7.431000,7.429000,7.454000,7.368000,0
ZARJPY.,1471935660,7.431000,7.429000,7.454000,7.368000,0
ZARJPY.,1471935660,7.431000,7.429000,7.454000,7.368000,0
ZARJPY.,1471935660,7.431000,7.429000,7.454000,7.368000,0
ZARJPY.,1471935675,7.432000,7.429000,7.454000,7.368000,0
ZARJPY.,1471935675,7.432000,7.429000,7.454000,7.368000,0
ZARJPY.,1471935675,7.432000,7.429000,7.454000,7.368000,0
ZARJPY.,1471935675,7.432000,7.429000,7.454000,7.368000,0
ZARJPY.,1471935675,7.432000,7.429000,7.454000,7.368000,0
ZARJPY.,1471935720,7.431000,7.430000,7.454000,7.368000,0
ZARJPY.,1471935720,7.431000,7.430000,7.454000,7.368000,0
ZARJPY.,1471935720,7.431000,7.430000,7.454000,7.368000,0
ZARJPY.,1471935720,7.431000,7.430000,7.454000,7.368000,0
ZARJPY.,1471935720,7.431000,7.430000,7.454000,7.368000,0
ZARJPY.,1471935724,7.431000,7.429000,7.454000,7.368000,0
ZARJPY.,1471935724,7.431000,7.429000,7.454000,7.368000,0
ZARJPY.,1471935724,7.431000,7.429000,7.454000,7.368000,0
ZARJPY.,1471935724,7.431000,7.429000,7.454000,7.368000,0
ZARJPY.,1471935724,7.431000,7.429000,7.454000,7.368000,0
ZARJPY.,1471935776,7.428000,7.427000,7.454000,7.368000,0
ZARJPY.,1471935776,7.428000,7.427000,7.454000,7.368000,0
ZARJPY.,1471935776,7.428000,7.427000,7.454000,7.368000,0
ZARJPY.,1471935776,7.428000,7.427000,7.454000,7.368000,0
ZARJPY.,1471935776,7.428000,7.427000,7.454000,7.368000,0
ZARJPY.,1471935884,7.427000,7.426000,7.454000,7.368000,0
ZARJPY.,1471935884,7.427000,7.426000,7.454000,7.368000,0
ZARJPY.,1471935884,7.427000,7.426000,7.454000,7.368000,0
ZARJPY.,1471935884,7.427000,7.426000,7.454000,7.368000,0
ZARJPY.,1471935884,7.427000,7.426000,7.454000,7.368000,0
ZARJPY.,1471935902,7.428000,7.426000,7.454000,7.368000,0
ZARJPY.,1471935902,7.428000,7.426000,7.454000,7.368000,0
ZARJPY.,1471935902,7.428000,7.426000,7.454000,7.368000,0
ZARJPY.,1471935902,7.428000,7.426000,7.454000,7.368000,0
ZARJPY.,1471935902,7.428000,7.426000,7.454000,7.368000,0
ZARJPY.,1471935912,7.427000,7.426000,7.454000,7.368000,0
ZARJPY.,1471935912,7.427000,7.426000,7.454000,7.368000,0
ZARJPY.,1471935912,7.427000,7.426000,7.454000,7.368000,0
ZARJPY.,1471935912,7.427000,7.426000,7.454000,7.368000,0
ZARJPY.,1471935912,7.427000,7.426000,7.454000,7.368000,0
ZARJPY.,1471935922,7.427000,7.425000,7.454000,7.368000,0
ZARJPY.,1471935922,7.427000,7.425000,7.454000,7.368000,0
ZARJPY.,1471935922,7.427000,7.425000,7.454000,7.368000,0
ZARJPY.,1471935922,7.427000,7.425000,7.454000,7.368000,0
ZARJPY.,1471935922,7.427000,7.425000,7.454000,7.368000,0
ZARJPY.,1471935950,7.428000,7.425000,7.454000,7.368000,0
ZARJPY.,1471935950,7.428000,7.425000,7.454000,7.368000,0
ZARJPY.,1471935950,7.428000,7.425000,7.454000,7.368000,0
ZARJPY.,1471935950,7.428000,7.425000,7.454000,7.368000,0
ZARJPY.,1471935950,7.428000,7.425000,7.454000,7.368000,0
ZARJPY.,1471935972,7.428000,7.426000,7.454000,7.368000,0
ZARJPY.,1471935972,7.428000,7.426000,7.454000,7.368000,0
ZARJPY.,1471935972,7.428000,7.426000,7.454000,7.368000,0
ZARJPY.,1471935972,7.428000,7.426000,7.454000,7.368000,0
ZARJPY.,1471935972,7.428000,7.426000,7.454000,7.368000,0
ZARJPY.,1471936006,7.429000,7.426000,7.454000,7.368000,0
ZARJPY.,1471936006,7.429000,7.426000,7.454000,7.368000,0
ZARJPY.,1471936006,7.429000,7.426000,7.454000,7.368000,0
ZARJPY.,1471936006,7.429000,7.426000,7.454000,7.368000,0
ZARJPY.,1471936006,7.429000,7.426000,7.454000,7.368000,0
ZARJPY.,1471936006,7.429000,7.427000,7.454000,7.368000,0
ZARJPY.,1471936006,7.429000,7.427000,7.454000,7.368000,0
ZARJPY.,1471936006,7.429000,7.427000,7.454000,7.368000,0
ZARJPY.,1471936006,7.429000,7.427000,7.454000,7.368000,0
ZARJPY.,1471936006,7.429000,7.427000,7.454000,7.368000,0
ZARJPY.,1471936058,7.429000,7.428000,7.454000,7.368000,0
ZARJPY.,1471936058,7.429000,7.428000,7.454000,7.368000,0
ZARJPY.,1471936058,7.429000,7.428000,7.454000,7.368000,0
ZARJPY.,1471936058,7.429000,7.428000,7.454000,7.368000,0
ZARJPY.,1471936058,7.429000,7.428000,7.454000,7.368000,0
ZARJPY.,1471936093,7.429000,7.427000,7.454000,7.368000,0
ZARJPY.,1471936093,7.429000,7.427000,7.454000,7.368000,0
ZARJPY.,1471936093,7.429000,7.427000,7.454000,7.368000,0
ZARJPY.,1471936093,7.429000,7.427000,7.454000,7.368000,0
ZARJPY.,1471936093,7.429000,7.427000,7.454000,7.368000,0
ZARJPY.,1471936095,7.430000,7.428000,7.454000,7.368000,0
ZARJPY.,1471936095,7.430000,7.428000,7.454000,7.368000,0
ZARJPY.,1471936095,7.430000,7.428000,7.454000,7.368000,0
ZARJPY.,1471936095,7.430000,7.428000,7.454000,7.368000,0
ZARJPY.,1471936095,7.430000,7.428000,7.454000,7.368000,0
ZARJPY.,1471936109,7.430000,7.430000,7.454000,7.368000,0
ZARJPY.,1471936109,7.430000,7.430000,7.454000,7.368000,0
ZARJPY.,1471936109,7.430000,7.430000,7.454000,7.368000,0
ZARJPY.,1471936109,7.430000,7.430000,7.454000,7.368000,0
ZARJPY.,1471936109,7.430000,7.430000,7.454000,7.368000,0
ZARJPY.,1471936137,7.430000,7.429000,7.454000,7.368000,0
ZARJPY.,1471936137,7.430000,7.429000,7.454000,7.368000,0
ZARJPY.,1471936137,7.430000,7.429000,7.454000,7.368000,0
ZARJPY.,1471936137,7.430000,7.429000,7.454000,7.368000,0
ZARJPY.,1471936137,7.430000,7.429000,7.454000,7.368000,0
ZARJPY.,1471936139,7.430000,7.428000,7.454000,7.368000,0
ZARJPY.,1471936139,7.430000,7.428000,7.454000,7.368000,0
ZARJPY.,1471936139,7.430000,7.428000,7.454000,7.368000,0
ZARJPY.,1471936139,7.430000,7.428000,7.454000,7.368000,0
ZARJPY.,1471936139,7.430000,7.428000,7.454000,7.368000,0
ZARJPY.,1471936140,7.430000,7.429000,7.454000,7.368000,0
ZARJPY.,1471936140,7.430000,7.429000,7.454000,7.368000,0
ZARJPY.,1471936140,7.430000,7.429000,7.454000,7.368000,0
ZARJPY.,1471936140,7.430000,7.429000,7.454000,7.368000,0
ZARJPY.,1471936140,7.430000,7.429000,7.454000,7.368000,0
ZARJPY.,1471936140,7.430000,7.428000,7.454000,7.368000,0
ZARJPY.,1471936140,7.430000,7.428000,7.454000,7.368000,0
ZARJPY.,1471936140,7.430000,7.428000,7.454000,7.368000,0
ZARJPY.,1471936140,7.430000,7.428000,7.454000,7.368000,0
ZARJPY.,1471936140,7.430000,7.428000,7.454000,7.368000,0
ZARJPY.,1471936165,7.430000,7.429000,7.454000,7.368000,0
ZARJPY.,1471936165,7.430000,7.429000,7.454000,7.368000,0
ZARJPY.,1471936165,7.430000,7.429000,7.454000,7.368000,0
ZARJPY.,1471936165,7.430000,7.429000,7.454000,7.368000,0
ZARJPY.,1471936165,7.430000,7.429000,7.454000,7.368000,0
ZARJPY.,1471936170,7.431000,7.429000,7.454000,7.368000,0
ZARJPY.,1471936170,7.431000,7.429000,7.454000,7.368000,0
ZARJPY.,1471936170,7.431000,7.429000,7.454000,7.368000,0
ZARJPY.,1471936170,7.431000,7.429000,7.454000,7.368000,0
ZARJPY.,1471936170,7.431000,7.429000,7.454000,7.368000,0
ZARJPY.,1471936212,7.430000,7.429000,7.454000,7.368000,0
ZARJPY.,1471936212,7.430000,7.429000,7.454000,7.368000,0
ZARJPY.,1471936212,7.430000,7.429000,7.454000,7.368000,0
ZARJPY.,1471936212,7.430000,7.429000,7.454000,7.368000,0
ZARJPY.,1471936213,7.430000,7.429000,7.454000,7.368000,0
ZARJPY.,1471936217,7.431000,7.429000,7.454000,7.368000,0
ZARJPY.,1471936217,7.431000,7.429000,7.454000,7.368000,0
ZARJPY.,1471936217,7.431000,7.429000,7.454000,7.368000,0
ZARJPY.,1471936217,7.431000,7.429000,7.454000,7.368000,0
ZARJPY.,1471936217,7.431000,7.429000,7.454000,7.368000,0
ZARJPY.,1471936267,7.431000,7.430000,7.454000,7.368000,0
ZARJPY.,1471936267,7.431000,7.430000,7.454000,7.368000,0
ZARJPY.,1471936267,7.431000,7.430000,7.454000,7.368000,0
ZARJPY.,1471936268,7.431000,7.430000,7.454000,7.368000,0
ZARJPY.,1471936268,7.431000,7.430000,7.454000,7.368000,0
ZARJPY.,1471936340,7.429000,7.428000,7.454000,7.368000,0
ZARJPY.,1471936340,7.429000,7.428000,7.454000,7.368000,0
ZARJPY.,1471936340,7.429000,7.428000,7.454000,7.368000,0
ZARJPY.,1471936340,7.429000,7.428000,7.454000,7.368000,0
ZARJPY.,1471936340,7.429000,7.428000,7.454000,7.368000,0
ZARJPY.,1471936346,7.430000,7.428000,7.454000,7.368000,0
ZARJPY.,1471936346,7.430000,7.428000,7.454000,7.368000,0
ZARJPY.,1471936346,7.430000,7.428000,7.454000,7.368000,0
ZARJPY.,1471936346,7.430000,7.428000,7.454000,7.368000,0
ZARJPY.,1471936346,7.430000,7.428000,7.454000,7.368000,0
ZARJPY.,1471936371,7.431000,7.429000,7.454000,7.368000,0
ZARJPY.,1471936371,7.431000,7.429000,7.454000,7.368000,0
ZARJPY.,1471936371,7.431000,7.429000,7.454000,7.368000,0
ZARJPY.,1471936371,7.431000,7.429000,7.454000,7.368000,0
ZARJPY.,1471936371,7.431000,7.429000,7.454000,7.368000,0
ZARJPY.,1471936372,7.431000,7.430000,7.454000,7.368000,0
ZARJPY.,1471936372,7.431000,7.430000,7.454000,7.368000,0
ZARJPY.,1471936372,7.431000,7.430000,7.454000,7.368000,0
ZARJPY.,1471936372,7.431000,7.430000,7.454000,7.368000,0
ZARJPY.,1471936372,7.431000,7.430000,7.454000,7.368000,0
ZARJPY.,1471936378,7.431000,7.429000,7.454000,7.368000,0
ZARJPY.,1471936378,7.431000,7.429000,7.454000,7.368000,0
ZARJPY.,1471936378,7.431000,7.429000,7.454000,7.368000,0
ZARJPY.,1471936378,7.431000,7.429000,7.454000,7.368000,0
ZARJPY.,1471936378,7.431000,7.429000,7.454000,7.368000,0
ZARJPY.,1471936383,7.430000,7.429000,7.454000,7.368000,0
ZARJPY.,1471936383,7.430000,7.429000,7.454000,7.368000,0
ZARJPY.,1471936383,7.430000,7.429000,7.454000,7.368000,0
ZARJPY.,1471936383,7.430000,7.429000,7.454000,7.368000,0
ZARJPY.,1471936383,7.430000,7.429000,7.454000,7.368000,0
ZARJPY.,1471936409,7.431000,7.429000,7.454000,7.368000,0
ZARJPY.,1471936409,7.431000,7.429000,7.454000,7.368000,0
ZARJPY.,1471936409,7.431000,7.429000,7.454000,7.368000,0
ZARJPY.,1471936409,7.431000,7.429000,7.454000,7.368000,0
ZARJPY.,1471936409,7.431000,7.429000,7.454000,7.368000,0
ZARJPY.,1471936423,7.430000,7.429000,7.454000,7.368000,0
ZARJPY.,1471936423,7.430000,7.429000,7.454000,7.368000,0
ZARJPY.,1471936423,7.430000,7.429000,7.454000,7.368000,0
ZARJPY.,1471936423,7.430000,7.429000,7.454000,7.368000,0
ZARJPY.,1471936423,7.430000,7.429000,7.454000,7.368000,0
ZARJPY.,1471936454,7.432000,7.430000,7.454000,7.368000,0
ZARJPY.,1471936454,7.432000,7.430000,7.454000,7.368000,0
ZARJPY.,1471936454,7.432000,7.430000,7.454000,7.368000,0
ZARJPY.,1471936454,7.432000,7.430000,7.454000,7.368000,0
ZARJPY.,1471936454,7.432000,7.430000,7.454000,7.368000,0
ZARJPY.,1471936460,7.432000,7.431000,7.454000,7.368000,0
ZARJPY.,1471936460,7.432000,7.431000,7.454000,7.368000,0
ZARJPY.,1471936460,7.432000,7.431000,7.454000,7.368000,0
ZARJPY.,1471936460,7.432000,7.431000,7.454000,7.368000,0
ZARJPY.,1471936460,7.432000,7.431000,7.454000,7.368000,0
ZARJPY.,1471936489,7.432000,7.430000,7.454000,7.368000,0
ZARJPY.,1471936489,7.432000,7.430000,7.454000,7.368000,0
ZARJPY.,1471936489,7.432000,7.430000,7.454000,7.368000,0
ZARJPY.,1471936489,7.432000,7.430000,7.454000,7.368000,0
ZARJPY.,1471936489,7.432000,7.430000,7.454000,7.368000,0
ZARJPY.,1471936504,7.431000,7.430000,7.454000,7.368000,0
ZARJPY.,1471936504,7.431000,7.430000,7.454000,7.368000,0
ZARJPY.,1471936504,7.431000,7.430000,7.454000,7.368000,0
ZARJPY.,1471936504,7.431000,7.430000,7.454000,7.368000,0
ZARJPY.,1471936504,7.431000,7.430000,7.454000,7.368000,0
ZARJPY.,1471936557,7.431000,7.429000,7.454000,7.368000,0
ZARJPY.,1471936557,7.431000,7.429000,7.454000,7.368000,0
ZARJPY.,1471936557,7.431000,7.429000,7.454000,7.368000,0
ZARJPY.,1471936557,7.431000,7.429000,7.454000,7.368000,0
ZARJPY.,1471936557,7.431000,7.429000,7.454000,7.368000,0
ZARJPY.,1471936571,7.430000,7.429000,7.454000,7.368000,0
ZARJPY.,1471936571,7.430000,7.429000,7.454000,7.368000,0
ZARJPY.,1471936571,7.430000,7.429000,7.454000,7.368000,0
ZARJPY.,1471936571,7.430000,7.429000,7.454000,7.368000,0
ZARJPY.,1471936571,7.430000,7.429000,7.454000,7.368000,0
ZARJPY.,1471936572,7.431000,7.429000,7.454000,7.368000,0
ZARJPY.,1471936572,7.431000,7.429000,7.454000,7.368000,0
ZARJPY.,1471936573,7.431000,7.429000,7.454000,7.368000,0
ZARJPY.,1471936573,7.431000,7.429000,7.454000,7.368000,0
ZARJPY.,1471936573,7.431000,7.429000,7.454000,7.368000,0
ZARJPY.,1471936595,7.431000,7.430000,7.454000,7.368000,0
ZARJPY.,1471936595,7.431000,7.430000,7.454000,7.368000,0
ZARJPY.,1471936595,7.431000,7.430000,7.454000,7.368000,0
ZARJPY.,1471936595,7.431000,7.430000,7.454000,7.368000,0
ZARJPY.,1471936595,7.431000,7.430000,7.454000,7.368000,0
ZARJPY.,1471936607,7.431000,7.429000,7.454000,7.368000,0
ZARJPY.,1471936607,7.431000,7.429000,7.454000,7.368000,0
ZARJPY.,1471936607,7.431000,7.429000,7.454000,7.368000,0
ZARJPY.,1471936607,7.431000,7.429000,7.454000,7.368000,0
ZARJPY.,1471936607,7.431000,7.429000,7.454000,7.368000,0
ZARJPY.,1471936612,7.430000,7.429000,7.454000,7.368000,0
ZARJPY.,1471936612,7.430000,7.429000,7.454000,7.368000,0
ZARJPY.,1471936612,7.430000,7.429000,7.454000,7.368000,0
ZARJPY.,1471936612,7.430000,7.429000,7.454000,7.368000,0
ZARJPY.,1471936612,7.430000,7.429000,7.454000,7.368000,0
ZARJPY.,1471936613,7.431000,7.429000,7.454000,7.368000,0
ZARJPY.,1471936613,7.431000,7.429000,7.454000,7.368000,0
ZARJPY.,1471936613,7.431000,7.429000,7.454000,7.368000,0
ZARJPY.,1471936613,7.431000,7.429000,7.454000,7.368000,0
ZARJPY.,1471936613,7.431000,7.429000,7.454000,7.368000,0
ZARJPY.,1471936711,7.434000,7.433000,7.454000,7.368000,0
ZARJPY.,1471936711,7.434000,7.433000,7.454000,7.368000,0
ZARJPY.,1471936711,7.434000,7.433000,7.454000,7.368000,0
ZARJPY.,1471936711,7.434000,7.433000,7.454000,7.368000,0
ZARJPY.,1471936711,7.434000,7.433000,7.454000,7.368000,0
ZARJPY.,1471936727,7.434000,7.432000,7.454000,7.368000,0
ZARJPY.,1471936727,7.434000,7.432000,7.454000,7.368000,0
ZARJPY.,1471936727,7.434000,7.432000,7.454000,7.368000,0
ZARJPY.,1471936727,7.434000,7.432000,7.454000,7.368000,0
ZARJPY.,1471936727,7.434000,7.432000,7.454000,7.368000,0
ZARJPY.,1471936730,7.434000,7.433000,7.454000,7.368000,0
ZARJPY.,1471936730,7.434000,7.433000,7.454000,7.368000,0
ZARJPY.,1471936730,7.434000,7.433000,7.454000,7.368000,0
ZARJPY.,1471936730,7.434000,7.433000,7.454000,7.368000,0
ZARJPY.,1471936730,7.434000,7.433000,7.454000,7.368000,0
ZARJPY.,1471936732,7.434000,7.432000,7.454000,7.368000,0
ZARJPY.,1471936732,7.434000,7.432000,7.454000,7.368000,0
ZARJPY.,1471936732,7.434000,7.432000,7.454000,7.368000,0
ZARJPY.,1471936732,7.434000,7.432000,7.454000,7.368000,0
ZARJPY.,1471936732,7.434000,7.432000,7.454000,7.368000,0
ZARJPY.,1471936767,7.437000,7.435000,7.454000,7.368000,0
ZARJPY.,1471936767,7.437000,7.435000,7.454000,7.368000,0
ZARJPY.,1471936767,7.437000,7.435000,7.454000,7.368000,0
ZARJPY.,1471936767,7.437000,7.435000,7.454000,7.368000,0
ZARJPY.,1471936767,7.437000,7.435000,7.454000,7.368000,0
ZARJPY.,1471936771,7.438000,7.436000,7.454000,7.368000,0
ZARJPY.,1471936771,7.438000,7.436000,7.454000,7.368000,0
ZARJPY.,1471936771,7.438000,7.436000,7.454000,7.368000,0
ZARJPY.,1471936771,7.438000,7.436000,7.454000,7.368000,0
ZARJPY.,1471936771,7.438000,7.436000,7.454000,7.368000,0
ZARJPY.,1471936785,7.438000,7.437000,7.454000,7.368000,0
ZARJPY.,1471936785,7.438000,7.437000,7.454000,7.368000,0
ZARJPY.,1471936785,7.438000,7.437000,7.454000,7.368000,0
ZARJPY.,1471936785,7.438000,7.437000,7.454000,7.368000,0
ZARJPY.,1471936785,7.438000,7.437000,7.454000,7.368000,0
ZARJPY.,1471936789,7.438000,7.436000,7.454000,7.368000,0
ZARJPY.,1471936789,7.438000,7.436000,7.454000,7.368000,0
ZARJPY.,1471936789,7.438000,7.436000,7.454000,7.368000,0
ZARJPY.,1471936789,7.438000,7.436000,7.454000,7.368000,0
ZARJPY.,1471936789,7.438000,7.436000,7.454000,7.368000,0
ZARJPY.,1471936793,7.438000,7.437000,7.454000,7.368000,0
ZARJPY.,1471936793,7.438000,7.437000,7.454000,7.368000,0
ZARJPY.,1471936793,7.438000,7.437000,7.454000,7.368000,0
ZARJPY.,1471936793,7.438000,7.437000,7.454000,7.368000,0
ZARJPY.,1471936793,7.438000,7.437000,7.454000,7.368000,0
ZARJPY.,1471936805,7.438000,7.436000,7.454000,7.368000,0
ZARJPY.,1471936805,7.438000,7.436000,7.454000,7.368000,0
ZARJPY.,1471936805,7.438000,7.436000,7.454000,7.368000,0
ZARJPY.,1471936805,7.438000,7.436000,7.454000,7.368000,0
ZARJPY.,1471936805,7.438000,7.436000,7.454000,7.368000,0
ZARJPY.,1471936847,7.438000,7.437000,7.454000,7.368000,0
ZARJPY.,1471936847,7.438000,7.437000,7.454000,7.368000,0
ZARJPY.,1471936847,7.438000,7.437000,7.454000,7.368000,0
ZARJPY.,1471936847,7.438000,7.437000,7.454000,7.368000,0
ZARJPY.,1471936847,7.438000,7.437000,7.454000,7.368000,0
ZARJPY.,1471936853,7.439000,7.437000,7.454000,7.368000,0
ZARJPY.,1471936853,7.439000,7.437000,7.454000,7.368000,0
ZARJPY.,1471936853,7.439000,7.437000,7.454000,7.368000,0
ZARJPY.,1471936853,7.439000,7.437000,7.454000,7.368000,0
ZARJPY.,1471936853,7.439000,7.437000,7.454000,7.368000,0
ZARJPY.,1471936860,7.439000,7.438000,7.454000,7.368000,0
ZARJPY.,1471936860,7.439000,7.438000,7.454000,7.368000,0
ZARJPY.,1471936860,7.439000,7.438000,7.454000,7.368000,0
ZARJPY.,1471936860,7.439000,7.438000,7.454000,7.368000,0
ZARJPY.,1471936860,7.439000,7.438000,7.454000,7.368000,0
ZARJPY.,1471936861,7.440000,7.438000,7.454000,7.368000,0
ZARJPY.,1471936861,7.440000,7.438000,7.454000,7.368000,0
ZARJPY.,1471936861,7.440000,7.438000,7.454000,7.368000,0
ZARJPY.,1471936861,7.440000,7.438000,7.454000,7.368000,0
ZARJPY.,1471936861,7.440000,7.438000,7.454000,7.368000,0
ZARJPY.,1471936882,7.437000,7.437000,7.454000,7.368000,0
ZARJPY.,1471936882,7.437000,7.437000,7.454000,7.368000,0
ZARJPY.,1471936882,7.437000,7.437000,7.454000,7.368000,0
ZARJPY.,1471936882,7.437000,7.437000,7.454000,7.368000,0
ZARJPY.,1471936882,7.437000,7.437000,7.454000,7.368000,0
ZARJPY.,1471936882,7.439000,7.437000,7.454000,7.368000,0
ZARJPY.,1471936882,7.439000,7.437000,7.454000,7.368000,0
ZARJPY.,1471936882,7.439000,7.437000,7.454000,7.368000,0
ZARJPY.,1471936882,7.439000,7.437000,7.454000,7.368000,0
ZARJPY.,1471936882,7.439000,7.437000,7.454000,7.368000,0
ZARJPY.,1471936882,7.439000,7.438000,7.454000,7.368000,0
ZARJPY.,1471936882,7.439000,7.438000,7.454000,7.368000,0
ZARJPY.,1471936882,7.439000,7.438000,7.454000,7.368000,0
ZARJPY.,1471936882,7.439000,7.438000,7.454000,7.368000,0
ZARJPY.,1471936882,7.439000,7.438000,7.454000,7.368000,0
ZARJPY.,1471936926,7.440000,7.438000,7.454000,7.368000,0
ZARJPY.,1471936926,7.440000,7.438000,7.454000,7.368000,0
ZARJPY.,1471936926,7.440000,7.438000,7.454000,7.368000,0
ZARJPY.,1471936926,7.440000,7.438000,7.454000,7.368000,0
ZARJPY.,1471936926,7.440000,7.438000,7.454000,7.368000,0
ZARJPY.,1471936926,7.440000,7.439000,7.454000,7.368000,0
ZARJPY.,1471936926,7.440000,7.439000,7.454000,7.368000,0
ZARJPY.,1471936926,7.440000,7.439000,7.454000,7.368000,0
ZARJPY.,1471936926,7.440000,7.439000,7.454000,7.368000,0
ZARJPY.,1471936926,7.440000,7.439000,7.454000,7.368000,0
ZARJPY.,1471936927,7.441000,7.439000,7.454000,7.368000,0
ZARJPY.,1471936927,7.441000,7.439000,7.454000,7.368000,0
ZARJPY.,1471936927,7.441000,7.439000,7.454000,7.368000,0
ZARJPY.,1471936927,7.441000,7.439000,7.454000,7.368000,0
ZARJPY.,1471936927,7.441000,7.439000,7.454000,7.368000,0
ZARJPY.,1471936946,7.442000,7.440000,7.454000,7.368000,0
ZARJPY.,1471936946,7.442000,7.440000,7.454000,7.368000,0
ZARJPY.,1471936946,7.442000,7.440000,7.454000,7.368000,0
ZARJPY.,1471936946,7.442000,7.440000,7.454000,7.368000,0
ZARJPY.,1471936946,7.442000,7.440000,7.454000,7.368000,0
ZARJPY.,1471936952,7.441000,7.439000,7.454000,7.368000,0
ZARJPY.,1471936952,7.441000,7.439000,7.454000,7.368000,0
ZARJPY.,1471936952,7.441000,7.439000,7.454000,7.368000,0
ZARJPY.,1471936952,7.441000,7.439000,7.454000,7.368000,0
ZARJPY.,1471936952,7.441000,7.439000,7.454000,7.368000,0
ZARJPY.,1471936981,7.441000,7.440000,7.454000,7.368000,0
ZARJPY.,1471936981,7.441000,7.440000,7.454000,7.368000,0
ZARJPY.,1471936981,7.441000,7.440000,7.454000,7.368000,0
ZARJPY.,1471936981,7.441000,7.440000,7.454000,7.368000,0
ZARJPY.,1471936981,7.441000,7.440000,7.454000,7.368000,0
ZARJPY.,1471936985,7.442000,7.440000,7.454000,7.368000,0
ZARJPY.,1471936985,7.442000,7.440000,7.454000,7.368000,0
ZARJPY.,1471936985,7.442000,7.440000,7.454000,7.368000,0
ZARJPY.,1471936985,7.442000,7.440000,7.454000,7.368000,0
ZARJPY.,1471936985,7.442000,7.440000,7.454000,7.368000,0
ZARJPY.,1471937009,7.443000,7.441000,7.454000,7.368000,0
ZARJPY.,1471937009,7.443000,7.441000,7.454000,7.368000,0
ZARJPY.,1471937009,7.443000,7.441000,7.454000,7.368000,0
ZARJPY.,1471937009,7.443000,7.441000,7.454000,7.368000,0
ZARJPY.,1471937009,7.443000,7.441000,7.454000,7.368000,0
ZARJPY.,1471937012,7.443000,7.440000,7.454000,7.368000,0
ZARJPY.,1471937012,7.443000,7.440000,7.454000,7.368000,0
ZARJPY.,1471937012,7.443000,7.440000,7.454000,7.368000,0
ZARJPY.,1471937012,7.443000,7.440000,7.454000,7.368000,0
ZARJPY.,1471937012,7.443000,7.440000,7.454000,7.368000,0
ZARJPY.,1471937014,7.443000,7.441000,7.454000,7.368000,0
ZARJPY.,1471937014,7.443000,7.441000,7.454000,7.368000,0
ZARJPY.,1471937014,7.443000,7.441000,7.454000,7.368000,0
ZARJPY.,1471937014,7.443000,7.441000,7.454000,7.368000,0
ZARJPY.,1471937014,7.443000,7.441000,7.454000,7.368000,0
ZARJPY.,1471937083,7.442000,7.441000,7.454000,7.368000,0
ZARJPY.,1471937083,7.442000,7.441000,7.454000,7.368000,0
ZARJPY.,1471937083,7.442000,7.441000,7.454000,7.368000,0
ZARJPY.,1471937083,7.442000,7.441000,7.454000,7.368000,0
ZARJPY.,1471937083,7.442000,7.441000,7.454000,7.368000,0
ZARJPY.,1471937086,7.443000,7.441000,7.454000,7.368000,0
ZARJPY.,1471937086,7.443000,7.441000,7.454000,7.368000,0
ZARJPY.,1471937086,7.443000,7.441000,7.454000,7.368000,0
ZARJPY.,1471937086,7.443000,7.441000,7.454000,7.368000,0
ZARJPY.,1471937086,7.443000,7.441000,7.454000,7.368000,0
ZARJPY.,1471937125,7.442000,7.441000,7.454000,7.368000,0
ZARJPY.,1471937125,7.442000,7.441000,7.454000,7.368000,0
ZARJPY.,1471937125,7.442000,7.441000,7.454000,7.368000,0
ZARJPY.,1471937125,7.442000,7.441000,7.454000,7.368000,0
ZARJPY.,1471937125,7.442000,7.441000,7.454000,7.368000,0
